cod_ibge,nome,nume_cid,pgai,tipo_cidd,regiao_num,territ_cid,utr,criacao,area,pop_1996,pop_2000,pop_2007,pop_2008,pop_2009,assoc_mun,reg_pm,art_pm,region_ibg,cod_region,pop_2010,ppa_2012_2,number,regionaliz,areaoficia,reg_tur,nova_regio,nova_reg_o,tot_p_res,hom_tot,mulh_tot,tot_urb,hom_urb,mulh_urb,tot_rur,hom_rur,mulh_rur
1715150,Novo Alegre,135-Novo Alegre,Outros,Menor impacto re,XVII,Sudeste,Regiao Sudeste,1993,200,1981,2274,1801,1848,1802,Portal do Sudeste-Assoc. Municipios do Sudeste,1ª CIPM - Arraias,1ª CIPM,Dianópolis,17008,2286,Dianópolis,139,Região Sudeste,200.105,Sem Região,Área-Programa Sudeste,X,2286,1180,1106,1699,859,840,587,321,266
1715754,Palmeirópolis,129-Palmerópolis,Outros,Menor impacto re,XVI,Sudeste,Regiao Sudeste,1980,1704,7395,7068,8120,8366,8492,,4º BPM - Gurupi,4º BPM,Gurupi,17005,7342,Dianópolis,119,Região Sudeste,1703.936,Sem Região,Área-Programa Sul,IX,7339,3704,3635,5981,2959,3022,1358,745,613
1705557,Combinado,133-Combinado,Outros,Menor impacto re,XVII,Sudeste,Regiao Sudeste,1987,210,4915,4524,4878,5023,5070,Portal do Sudeste-Assoc. Municipios do Sudeste,1ª CIPM - Arraias,1ª CIPM,Dianópolis,17008,4669,Dianópolis,138,Região Sudeste,209.613,Sem Região,Área-Programa Sudeste,X,4669,2374,2295,4000,2006,1994,669,368,301
1702000,Araguaçu,111-Araguaçu,Outros,Menor impacto re,XIV,,<Null>,1958,5168,9801,9346,8989,9244,9225,AMSUL-Associação  dos Municipios do Sul,4º BPM - Gurupi,4º BPM,Rio Formoso,17004,8789,Gurupi,107,Região Metropolitana de Gurupi,5167.886,Sem Região,Área-Programa  Sudoeste( Ilha do Bananal),VIII,8786,4511,4275,5882,2893,2989,2904,1618,1286
1711506,Jaú do Tocantins,118-Jaú do Tocantins,Outros,Menor impacto re,XIV,,<Null>,1993,2173,3437,3121,3789,3906,3983,AMSUL-Associação  dos Municipios do Sul,4º BPM - Gurupi,4º BPM,Gurupi,17005,3503,Gurupi,117,Região Metropolitana de Gurupi,2173.038,Sem Região,Área-Programa Sul,IX,3507,1815,1692,1310,629,681,2197,1186,1011
1720978,Talismã,122-Talismã,Outros,Menor impacto re,XIV,,<Null>,1997,2157,0,2306,2555,2632,2663,AMSUL-Associação  dos Municipios do Sul,4º BPM - Gurupi,4º BPM,Gurupi,17005,2562,Gurupi,116,Região Metropolitana de Gurupi,2156.892,Sem Região,Área-Programa Sul,IX,2562,1351,1211,1363,684,679,1199,667,532
1702406,Arraias,132-Arraias,Outros,Capital,XVII,Sudeste,Regiao Sudeste,1914,5787,11551,10984,10626,10928,10913,Portal do Sudeste-Assoc. Municipios do Sudeste,1ª CIPM - Arraias,1ª CIPM,Dianópolis,17008,10643,Dianópolis,135,Região Sudeste,5786.844,Serras Gerais,Área-Programa Sudeste,X,10645,5393,5252,7371,3554,3817,3274,1839,1435
1720259,São Salvador do Tocantins,131-São Salvador do Tocantins,Outros,Menor impacto re,XVI,Sudeste,Regiao Sudeste,1993,1422,2229,2740,3012,3102,3136,,4º BPM - Gurupi,4º BPM,Gurupi,17005,2910,Dianópolis,118,Região Sudeste,1422.025,Sem Região,Área-Programa Sul,IX,2910,1486,1424,1588,795,793,1322,691,631
1700707,Alvorada,110-Alvorada,Outros,Menor impacto re,XIV,,<Null>,1963,1212,10219,8508,7976,8200,8161,AMSUL-Associação  dos Municipios do Sul,4º BPM - Gurupi,4º BPM,Gurupi,17005,8379,Gurupi,115,Região Metropolitana de Gurupi,1212.161,Sem Região,Área-Programa Sul,IX,8374,4252,4122,7765,3900,3865,609,352,257
1720903,Taguatinga,139-Taguatinga,Outros,Capital,XVIII,Sudeste,Regiao Sudeste,1868,2437,13711,13169,14110,14528,14655,Portal do Sudeste-Assoc. Municipios do Sudeste,1ª CIPM - Arraias,1ª CIPM,Dianópolis,17008,15048,Dianópolis,134,Região Sudeste,2437.386,Serras Gerais,Área-Programa Sudeste,X,15051,7884,7167,10627,5368,5259,4424,2516,1908
1718840,Sandolândia,120-Sandolândia,Javaés,Menor impacto re,XIV,,<Null>,1993,3529,3495,3332,3443,3543,3562,AMSUL-Associação  dos Municipios do Sul,4º BPM - Gurupi,4º BPM,Rio Formoso,17004,3326,Gurupi,106,Região Metropolitana de Gurupi,3528.609,Sem Região,Área-Programa  Sudoeste( Ilha do Bananal),VIII,3326,1741,1585,1764,872,892,1562,869,693
1716208,Paranã,130-Paranã,Outros,Menor impacto re,XVI,Sudeste,Regiao Sudeste,1857,11260,9270,10416,10491,10794,10824,Portal do Sudeste-Assoc. Municipios do Sudeste,1ª CIPM - Arraias,1ª CIPM,Dianópolis,17008,10316,Dianópolis,128,Região Sudeste,11260.151,Serras Gerais,Área-Programa Sudeste,X,10338,5444,4894,4720,2324,2396,5618,3120,2498
1707652,Figueirópolis,115-Figueirópolis,Outros,Menor impacto re,XIV,,<Null>,1980,1930,6084,5562,4820,4950,4883,AMSUL-Associação  dos Municipios do Sul,4º BPM - Gurupi,4º BPM,Gurupi,17005,5340,Gurupi,114,Região Metropolitana de Gurupi,1930.064,Sem Região,Área-Programa Sul,IX,5340,2705,2635,4054,1982,2072,1286,723,563
1720937,Taipas do Tocantins,128-Taipas do Tocantins,Outros,Menor impacto re,XV,Sudeste,Regiao Sudeste,1993,1167,1722,1713,1916,1974,1999,Portal do Sudeste-Assoc. Municipios do Sudeste,2ª CIPM - Dianópolis,2ª CIPM,Dianópolis,17008,1945,Dianópolis,131,Região Sudeste,1116.195,Sem Região,Área-Programa Sudeste,X,1945,1017,928,1557,799,758,388,218,170
1720853,Sucupira,121-Sucupira,Outros,Menor impacto re,XIV,,<Null>,1993,1026,1303,1476,1667,1718,1741,AMSUL-Associação  dos Municipios do Sul,4º BPM - Gurupi,4º BPM,Gurupi,17005,1734,Gurupi,112,Região Metropolitana de Gurupi,1025.515,Sem Região,Área-Programa Sul,IX,1742,894,848,1106,549,557,636,345,291
1705607,Conceição do Tocantins,134-Conceição do Tocantins,Outros,Menor impacto re,XVII,Sudeste,Regiao Sudeste,1963,2501,4393,4371,4402,4529,4541,Portal do Sudeste-Assoc. Municipios do Sudeste,2ª CIPM - Dianópolis,2ª CIPM,Dianópolis,17008,4182,Dianópolis,129,Região Sudeste,2500.733,Sem Região,Área-Programa Sudeste,X,4182,2132,2050,2911,1414,1497,1271,718,553
1703867,Cariri do Tocantins,112-Cariri do Tocantins,Outros,Menor impacto re,XIV,,<Null>,1993,1129,2473,2990,3562,3672,3738,AMSUL-Associação  dos Municipios do Sul,4º BPM - Gurupi,4º BPM,Gurupi,17005,3753,Gurupi,111,Região Metropolitana de Gurupi,1128.596,Sem Região,Área-Programa Sul,IX,3756,2106,1650,2093,1040,1053,1663,1066,597
1708205,Formoso do Araguaia,116-Formoso do Araguaia,Javaés,Capital,XIV,,<Null>,1963,13423,18385,18817,18225,18743,18719,AMSUL-Associação  dos Municipios do Sul,4º BPM - Gurupi,4º BPM,Rio Formoso,17004,18251,Gurupi,104,Região Metropolitana de Gurupi,13423.256,Ilha do Bananal,Área-Programa  Sudoeste( Ilha do Bananal),VIII,18427,9607,8820,13333,6808,6525,5094,2799,2295
1716604,Peixe,119-Peixe,Outros,Menor impacto re,XIV,,<Null>,1895,5291,8740,8763,8750,9002,9018,AMSUL-Associação  dos Municipios do Sul,4º BPM - Gurupi,4º BPM,Gurupi,17005,10364,Gurupi,113,Região Metropolitana de Gurupi,5291.182,Ilha do Bananal,Área-Programa Sul,IX,10384,5427,4957,5235,2624,2611,5149,2803,2346
1709500,Gurupi,117-Gurupi,Outros,Capital,XIV,,<Null>,1958,1836,64725,65034,71413,73548,74357,,4º BPM - Gurupi,4º BPM,Gurupi,17005,76275,Gurupi,110,Região Metropolitana de Gurupi,1836.081,Ilha do Bananal,Área-Programa Sul,IX,76755,38107,38648,75000,37097,37903,1755,1010,745
1718006,Porto Alegre do Tocantins,126-Porto Alegre do Tocantins,Outros,Menor impacto re,XV,Sudeste,Regiao Sudeste,1988,502,2463,2393,2830,2917,2968,Portal do Sudeste-Assoc. Municipios do Sudeste,2ª CIPM - Dianópolis,2ª CIPM,Dianópolis,17008,2794,Dianópolis,126,Região Sudeste,501.97,Sem Região,Área-Programa Sudeste,X,2796,1431,1365,1919,941,978,877,490,387
1720499,São Valério da Natividade,107-São Valério da Natividade,Outros,Menor impacto re,XIII,Sudeste,Regiao Sudeste,1980,2520,4807,5054,4885,5024,5017,,4º BPM - Gurupi,4º BPM,Dianópolis,17008,4383,Dianópolis,120,Região Sudeste,2519.572,Sem Região,Área-Programa Sudeste,X,4383,2267,2116,2723,1332,1391,1660,935,725
1705102,Chapada da Natividade,103-Chapada da Natividade,Outros,Menor impacto re,XIII,Sudeste,Regiao Sudeste,1997,1671,0,3274,3680,3791,3840,Portal do Sudeste-Assoc. Municipios do Sudeste,2ª CIPM - Dianópolis,2ª CIPM,Dianópolis,17008,3276,Dianópolis,122,Região Sudeste,1671.256,Sem Região,Área-Programa Sudeste,X,3277,1792,1485,1656,839,817,1621,953,668
1714203,Natividade,104-Natividade,Outros,Menor impacto re,XIII,Sudeste,Regiao Sudeste,1734,3216,11623,8867,9090,9355,9396,Portal do Sudeste-Assoc. Municipios do Sudeste,2ª CIPM - Dianópolis,2ª CIPM,Dianópolis,17008,9000,Dianópolis,124,Região Sudeste,3215.903,Serras Gerais,Área-Programa Sudeste,X,9000,4596,4404,7195,3545,3650,1805,1051,754
1718907,Santa Rosa do Tocantins,106-Santa Rosa do Tocantins,Outros,Menor impacto re,XIII,,Regiao Sudeste,1988,1796,3764,4316,4417,4545,4565,,5º BPM - Porto Nacional,5º BPM,Dianópolis,17008,4568,Dianópolis,121,Região Metropolitana de Palmas,1796.248,Sem Região,Área-Programa Sudeste,X,4568,2411,2157,2947,1494,1453,1621,917,704
1700350,Aliança do Tocantins,109-Aliança do Tocantins,Outros,Menor impacto re,XIV,,<Null>,1988,1580,7201,6177,5701,5860,5822,OMCO-Organização Municipios do Centro Oeste,4º BPM - Gurupi,4º BPM,Gurupi,17005,5651,Gurupi,109,Região Metropolitana de Gurupi,1579.742,Sem Região,Área-Programa Sul,IX,5671,2907,2764,4756,2377,2379,915,530,385
1706258,Crixás do Tocantins,113-Crixás do Tocantins,Outros,Menor impacto re,XIV,,<Null>,1997,987,0,1384,1264,1299,1289,OMCO-Organização Municipios do Centro Oeste,4º BPM - Gurupi,4º BPM,Gurupi,17005,1566,Gurupi,108,Região Metropolitana de Gurupi,986.689,Sem Região,Área-Programa Sul,IX,1564,821,743,872,424,448,692,397,295
1707306,Dueré,114-Dueré,Javaés,Menor impacto re,XIV,,<Null>,1958,3425,4190,4565,4489,4617,4618,AMSUL-Associação  dos Municipios do Sul,4º BPM - Gurupi,4º BPM,Rio Formoso,17004,4588,Gurupi,105,Região Metropolitana de Gurupi,3424.836,Sem Região,Área-Programa  Sudoeste( Ilha do Bananal),VIII,4592,2440,2152,3055,1550,1505,1537,890,647
1700400,Almas,123-Almas,Outros,Menor impacto re,XV,Sudeste,Regiao Sudeste,1958,4021,7747,8474,7488,7692,7605,Portal do Sudeste-Assoc. Municipios do Sudeste,2ª CIPM - Dianópolis,2ª CIPM,Dianópolis,17008,7540,Dianópolis,125,Região Sudeste,4021.111,Serras Gerais,Área-Programa Sudeste,X,7586,3965,3621,6009,3065,2944,1577,900,677
1717008,Pindorama do Tocantins,105-Pindorama do Tocantins,Outros,Menor impacto re,XIII,Sudeste,Regiao Sudeste,1963,1559,4716,4685,4397,4521,4500,Portal do Sudeste-Assoc. Municipios do Sudeste,5º BPM - Porto Nacional,5º BPM,Dianópolis,17008,4506,Dianópolis,123,Região Sudeste,1559.08,Sem Região,Área-Programa Sudeste,X,4506,2385,2121,2947,1496,1451,1559,889,670
1709807,Ipueiras,66-Ipueiras do Tocantins,Outros,Menor impacto re,IX,,,,815,0,1166,1698,1754,1813,OMCO-Organização Municipios do Centro Oeste,5º BPM - Porto Nacional,5º BPM,Porto Nacional,17006,1639,Palmas,92,Região Metropolitana de Palmas,815.25,Serras e Lago,Área-Programa Central,VI,1639,864,775,958,476,482,681,388,293
1720655,Silvanópolis,108-Silvanópolis,Outros,Menor impacto re,XIII,,<Null>,1988,1259,4974,4725,5098,5250,5299,,5º BPM - Porto Nacional,5º BPM,Porto Nacional,17006,5071,Dianópolis,93,Região Metropolitana de Palmas,1258.824,Sem Região,Área-Programa Central,VI,5068,2655,2413,4061,2065,1996,1007,590,417
1703701,Brejinho de Nazaré,64-Brejinho de Nazaré,Outros,Menor impacto re,IX,,<Null>,1958,1724,5932,4877,5295,5452,5506,OMCO-Organização Municipios do Centro Oeste,5º BPM - Porto Nacional,5º BPM,Gurupi,17005,5181,Palmas,90,Região Metropolitana de Palmas,1724.441,Serras e Lago,Área-Programa Central,VI,5185,2599,2586,4195,2041,2154,990,558,432
1718899,Santa Rita do Tocantins,94-Santa Rita Tocantins,Javaés,Menor impacto re,XI,,<Null>,1997,3275,0,1852,2260,2330,2377,OMCO-Organização Municipios do Centro Oeste,8º BPM - Paraíso,8º BPM,Gurupi,17005,2124,Paraíso do Tocantins,89,Região Metropolitana de Gurupi,3274.93,Sem Região,Área-Programa Central,VI,2128,1109,1019,918,449,469,1210,660,550
1707553,Fátima,65-Fátima,Outros,Menor impacto re,IX,,<Null>,1983,383,4219,3848,3984,4101,4123,OMCO-Organização Municipios do Centro Oeste,8º BPM - Paraíso,8º BPM,Rio Formoso,17004,3805,Palmas,88,Região Metropolitana de Palmas,382.908,Sem Região,Área-Programa Central,VI,3805,1909,1896,3135,1528,1607,670,381,289
1715507,Oliveira de Fátima,70-Oliveira de Fátima,Outros,Menor impacto re,IX,,<Null>,1997,206,0,958,1081,1114,1129,OMCO-Organização Municipios do Centro Oeste,8º BPM - Paraíso,8º BPM,Rio Formoso,17004,1035,Palmas,87,Região Metropolitana de Palmas,205.849,Sem Região,Área-Programa Central,VI,1037,552,485,817,423,394,220,129,91
1711902,Lagoa da Confusão,87-Lagoa da Confusão,Javaés,Menor impacto re,XI,,<Null>,1993,10565,4956,6168,8220,8481,8711,OMCO-Organização Municipios do Centro Oeste,8º BPM - Paraíso,8º BPM,Rio Formoso,17004,9971,Paraíso do Tocantins,102,Região Metropolitana de Gurupi,10564.512,Ilha do Bananal,Área-Programa  Sudoeste( Ilha do Bananal),VIII,10210,5525,4685,6332,3343,2989,3878,2182,1696
1706100,Cristalândia,85-Cristalândia,Javaés,Menor impacto re,XI,,<Null>,1953,1848,8670,7318,6520,6698,6628,OMCO-Organização Municipios do Centro Oeste,8º BPM - Paraíso,8º BPM,Rio Formoso,17004,7165,Paraíso do Tocantins,103,Região Metropolitana de Gurupi,1848.231,Sem Região,Área-Programa  Sudoeste( Ilha do Bananal),VIII,7234,3699,3535,5924,2966,2958,1310,733,577
1715002,Nova Rosalândia,90-Nova Rosalândia,Outros,Menor impacto re,XI,,<Null>,1988,489,3591,3190,3772,3888,3956,OMCO-Organização Municipios do Centro Oeste,8º BPM - Paraíso,8º BPM,Rio Formoso,17004,3770,Paraíso do Tocantins,79,Região Metropolitana de Gurupi,488.636,Sem Região,Área-Programa Centro-Oeste,V,3770,1965,1805,2468,1243,1225,1302,722,580
1717909,Ponte Alta do Tocantins,99-Ponte Alta do Tocantins,Outros,Menor impacto re,XII,Jalapão,Regiao Jalapao_Sede,1958,6491,6579,6172,6569,6763,6818,Portal do Sudeste-Assoc. Municipios do Sudeste,5º BPM - Porto Nacional,5º BPM,Jalapão,17007,7180,Ponte Alta do Tocantins,100,Região do Jalapão,6491.089,Encantos do Jalapão,Área-Programa leste( Jalapão),VII,7180,3879,3301,4527,2299,2228,2653,1580,1073
1718451,Pugmil,93-Pugmil,Outros,Menor impacto re,XI,,<Null>,1997,402,0,1989,2165,2230,2252,OMCO-Organização Municipios do Centro Oeste,8º BPM - Paraíso,8º BPM,Rio Formoso,17004,2365,Paraíso do Tocantins,78,Região Metropolitana de Palmas,401.689,Sem Região,Área-Programa Centro-Oeste,V,2369,1257,1112,2004,1041,963,365,216,149
1713601,Monte do Carmo,69-Monte do Carmo,Outros,Menor impacto re,IX,,<Null>,1963,3617,5979,5193,6387,6586,6723,,5º BPM - Porto Nacional,5º BPM,Porto Nacional,17006,6708,Palmas,91,Região Metropolitana de Palmas,3616.655,Serras e Lago,Área-Programa Central,VI,6716,3601,3115,2881,1421,1460,3835,2180,1655
1719004,Santa Tereza do Tocantins,101-Santa Tereza do Tocantins,Outros,Menor impacto re,XII,Jalapão,Regiao Jalapao,1988,540,2155,2114,2297,2366,2390,,6º BPM - Palmas - Região Sul (Taquaralto),6º BPM,Jalapão,17007,2523,Ponte Alta do Tocantins,98,Região do Jalapão,539.908,Sem Região,Área-Programa leste( Jalapão),VII,2523,1339,1184,1616,834,782,907,505,402
1711951,Lagoa do Tocantins,95-Lagoa do Tocantins,Outros,Menor impacto re,XII,Jalapão,Regiao Jalapao,1993,911,2618,2530,3179,3278,3352,,6º BPM - Palmas - Região Sul (Taquaralto),6º BPM,Jalapão,17007,3525,Ponte Alta do Tocantins,99,Região do Jalapão,911.336,Sem Região,Área-Programa leste( Jalapão),VII,3525,1830,1695,2538,1272,1266,987,558,429
1716109,Paraíso do Tocantins,91-Paraíso do Tocantins,Outros,Capital,XI,,<Null>,1963,1297,34251,36130,40290,41500,42015,,8º BPM - Paraíso,8º BPM,Rio Formoso,17004,44081,Paraíso do Tocantins,77,Região Metropolitana de Palmas,1297.018,Serras e Lago,Área-Programa Centro-Oeste,V,44417,22113,22304,42473,20999,21474,1944,1114,830
1718204,Porto Nacional,72-Porto Nacional,Outros,Capital,IX,,<Null>,1861,4450,43365,44991,45289,46598,46722,,5º BPM - Porto Nacional,5º BPM,Porto Nacional,17006,49012,Palmas,86,Região Metropolitana de Palmas,4449.892,Serras e Lago,Área-Programa Central,VI,49146,24517,24629,42435,20764,21671,6711,3753,2958
1704600,Chapada de Areia,84-Chapada de Areia,Javaés,Menor impacto re,XI,,<Null>,1997,659,0,1270,1239,1274,1273,MESOESTE-Associação Municipios do Meio Oeste,8º BPM - Paraíso,8º BPM,Rio Formoso,17004,1335,Paraíso do Tocantins,74,Região do Cantão,659.244,Sem Região,Área-Programa Centro-Oeste,V,1335,716,619,749,386,363,586,330,256
1721000,Palmas,71-Palmas,Outros,Capital,IX,,<Null>,1989,2219,86116,137355,178386,184010,188645,,1º BPM - Palmas - Região Norte e Central,1º BPM,Porto Nacional,17006,223817,Palmas,85,Região Metropolitana de Palmas,2218.934,Serras e Lago,Área-Programa Central,VI,228332,112848,115484,221742,109092,112650,6590,3756,2834
1715101,Novo Acordo,98-Novo Acordo,Outros,Menor impacto re,XII,Jalapão,Regiao Jalapao,1958,2675,2963,3057,3754,3870,3950,,6º BPM - Palmas - Região Sul (Taquaralto),6º BPM,Jalapão,17007,3762,Ponte Alta do Tocantins,96,Região do Jalapão,2671.882,Encantos do Jalapão,Área-Programa leste( Jalapão),VII,3762,1921,1841,3083,1547,1536,679,374,305
1720150,São Félix do Tocantins,102-São Félix do Tocantins,Outros,Menor impacto re,XII,Jalapão,Regiao Jalapao,1993,1909,1155,1269,1409,1451,1468,,6ª CIPM - Miracema do Tocantins,6ª CIPM,Jalapão,17007,1445,Ponte Alta do Tocantins,97,Região do Jalapão,1908.669,Encantos do Jalapão,Área-Programa leste( Jalapão),VII,1437,770,667,931,481,450,506,289,217
1713700,Monte Santo do Tocantins,89-Monte Santo,Outros,Menor impacto re,XI,,<Null>,1997,1092,0,1869,1858,1911,1914,MESOESTE-Associação Municipios do Meio Oeste,8º BPM - Paraíso,8º BPM,Miracema do Tocantins,17003,2085,Paraíso do Tocantins,75,Região do Cantão,1091.548,Sem Região,Área-Programa Centro-Oeste,V,2085,1120,965,450,232,218,1635,888,747
1701101,Aparecida do Rio Negro,63-Aparecida do Rio Negro,Outros,Menor impacto re,IX,,<Null>,1987,1160,3646,3517,4018,4140,4200,,6º BPM - Palmas - Região Sul (Taquaralto),6º BPM,Porto Nacional,17006,4207,Palmas,84,Região Metropolitana de Palmas,1160.363,Sem Região,Área-Programa Central,VI,4213,2170,2043,3313,1663,1650,900,507,393
1703107,Barrolândia,82-Barrolândia,Outros,Menor impacto re,XI,,<Null>,1988,713,5477,5082,5155,5304,5322,,8º BPM - Paraíso,8º BPM,Miracema do Tocantins,17003,5317,Paraíso do Tocantins,76,Região Metropolitana de Palmas,713.297,Sem Região,Área-Programa Centro-Oeste,V,5349,2758,2591,4479,2284,2195,870,474,396
1712009,Lajeado,67-Lajeado,Outros,Menor impacto re,IX,,<Null>,1993,322,1397,2344,2159,2219,2204,,6ª CIPM - Miracema do Tocantins,6ª CIPM,Porto Nacional,17006,2773,Palmas,83,Região Metropolitana de Palmas,322.481,Serras e Lago,Área-Programa Central,VI,2773,1464,1309,2166,1123,1043,607,341,266
1712504,Marianópolis do Tocantins,88-Marianópolis do Tocantins,Outros,Menor impacto re,XI,,<Null>,1987,2091,2605,3332,4473,4616,4743,MESOESTE-Associação Municipios do Meio Oeste,8º BPM - Paraíso,8º BPM,Miracema do Tocantins,17003,4352,Paraíso do Tocantins,72,Região do Cantão,2091.364,Sem Região,Área-Programa Centro-Oeste,V,4352,2318,2034,2383,1219,1164,1969,1099,870
1713205,Miracema do Tocantins,68-Miracema do Tocantins,Outros,Capital,IX,,<Null>,1948,2656,17483,24444,19683,20194,19740,,6ª CIPM - Miracema do Tocantins,6ª CIPM,Miracema do Tocantins,17003,20567,Palmas,81,Região Metropolitana de Palmas,2656.078,Sem Região,Área-Programa Central,VI,20684,10347,10337,17937,8794,9143,2747,1553,1194
1707108,Divinópolis do Tocantins,86-Divinópolis do Tocantins,Outros,Menor impacto re,XI,,<Null>,1987,2347,6476,5776,6359,6549,6623,MESOESTE-Associação Municipios do Meio Oeste,8º BPM - Paraíso,8º BPM,Miracema do Tocantins,17003,6363,Paraíso do Tocantins,73,Região do Cantão,2347.421,Sem Região,Área-Programa Centro-Oeste,V,6363,3280,3083,4466,2207,2259,1897,1073,824
1721109,Tocantínia,73-Tocantínia,Outros,Menor impacto re,IX,,<Null>,1953,2602,5169,5788,6663,6866,6971,,6ª CIPM - Miracema do Tocantins,6ª CIPM,Porto Nacional,17006,6598,Palmas,82,Região Metropolitana de Palmas,2601.587,Sem Região,Área-Programa Central,VI,6736,3476,3260,2955,1475,1480,3781,2001,1780
1718758,Rio Sono,100-Rio Sono,Outros,Menor impacto re,XII,Jalapão,Regiao Jalapao,1982,6357,6531,6089,6167,6345,6366,,3º BPM - Pedro Afonso,3º BPM,Jalapão,17007,6148,Ponte Alta do Tocantins,94,Região do Jalapão,6357.117,Sem Região,Área-Programa leste( Jalapão),VII,6254,3379,2875,2407,1223,1184,3847,2156,1691
1717503,Pium,92-Pium,Javaés,Menor impacto re,XI,,<Null>,1953,10013,6733,5540,6403,6598,6701,MESOESTE-Associação Municipios do Meio Oeste,8º BPM - Paraíso,8º BPM,Rio Formoso,17004,6584,Paraíso do Tocantins,71,Região do Cantão,10012.666,Lagos e Praias do Cantão,Área-Programa Centro-Oeste,V,6694,3526,3168,3779,1900,1879,2915,1626,1289
1713304,Miranorte,60-Miranorte,Outros,Menor impacto re,VIII,,<Null>,1963,1032,10774,11802,11858,12200,12231,,6ª CIPM - Miracema do Tocantins,6ª CIPM,Miracema do Tocantins,17003,12583,Guaraí,70,Região Metropolitana de Palmas,1031.616,Sem Região,Área-Programa Centro-Oeste,V,12623,6423,6200,11036,5533,5503,1587,890,697
1700251,Abreulândia,81-Abreulândia,Outros,Menor impacto re,XI,,<Null>,1993,1895,1957,2189,2245,2310,2321,MESOESTE-Associação Municipios do Meio Oeste,8º BPM - Paraíso,8º BPM,Miracema do Tocantins,17003,2383,Paraíso do Tocantins,69,Região do Cantão,1895.201,Sem Região,Área-Programa Centro-Oeste,V,2391,1261,1130,1476,748,728,915,513,402
1703909,Caseara,83-Caseara,Outros,Menor impacto re,XI,,<Null>,1987,1692,3625,3660,4667,4813,4927,MESOESTE-Associação Municipios do Meio Oeste,8º BPM - Paraíso,8º BPM,Miracema do Tocantins,17003,4601,Paraíso do Tocantins,68,Região do Cantão,1691.612,Lagos e Praias do Cantão,Área-Programa Centro-Oeste,V,4601,2384,2217,2737,1328,1409,1864,1056,808
1718709,Rio dos Bois,61-Rio dos Bois,Outros,Menor impacto re,VIII,,<Null>,1993,845,2042,2269,2092,2150,2136,,6ª CIPM - Miracema do Tocantins,6ª CIPM,Miracema do Tocantins,17003,2570,Guaraí,80,Região Metropolitana de Palmas,845.062,Sem Região,Área-Programa Central,VI,2570,1361,1209,1029,513,516,1541,848,693
1716505,Pedro Afonso,78-Pedro Afonso,Outros,Capital,X,,Regiao Nordeste_Sede,1903,2011,8648,9028,10294,10605,10758,,3º BPM - Pedro Afonso,3º BPM,Porto Nacional,17006,11510,Guaraí,65,Região Nordeste,2010.892,Sem Região,Área-Programa Nordeste,IV,11539,5969,5570,10016,5133,4883,1523,836,687
1708254,Tabocão,57-Fortaleza do Tabocão,Outros,Menor impacto re,VIII,,<Null>,1993,622,2315,2242,2101,2160,2149,,7º BPM - Guaraí,7º BPM,Miracema do Tocantins,17003,2411,Guaraí,54,Região Metropolitana de Palmas,621.558,Sem Região,Área-Programa Noroeste,III,2419,1234,1185,1968,995,973,451,239,212
1712405,Lizarda,96-Lizarda,Outros,Menor impacto re,XII,Jalapão,Regiao Jalapao,1953,5723,4085,3787,3634,3737,3729,,3º BPM - Pedro Afonso,3º BPM,Jalapão,17007,3731,Ponte Alta do Tocantins,95,Região do Jalapão,5723.201,Sem Região,Área-Programa leste( Jalapão),VII,3725,2007,1718,2583,1339,1244,1142,668,474
1707207,Dois Irmãos do Tocantins,56-Dois Irmãos do Tocantins,Outros,Menor impacto re,VIII,,<Null>,1963,3757,7554,7269,7060,7261,7254,MESOESTE-Associação Municipios do Meio Oeste,8º BPM - Paraíso,8º BPM,Miracema do Tocantins,17003,7161,Guaraí,67,Região do Cantão,3757.015,Sem Região,Área-Programa Centro-Oeste,V,7161,3958,3203,2777,1431,1346,4384,2527,1857
1703305,Bom Jesus do Tocantins,74-Bom Jesus do Tocantins,Outros,Menor impacto re,X,,Regiao Nordeste,1993,1333,2279,2323,2710,2793,2839,,3º BPM - Pedro Afonso,3º BPM,Porto Nacional,17006,3768,Guaraí,63,Região Nordeste,1332.665,Sem Região,Área-Programa Nordeste,IV,3768,1989,1779,2826,1444,1382,942,545,397
1704105,Centenário,75-Centenário,Outros,Menor impacto re,X,,Regiao Nordeste,1993,1955,2189,2163,2386,2457,2485,,3º BPM - Pedro Afonso,3º BPM,Jalapão,17007,2564,Guaraí,64,Região Nordeste,1954.688,Sem Região,Área-Programa Nordeste,IV,2566,1375,1191,1504,769,735,1062,606,456
1721257,Tupirama,62-Tupirama,Outros,Menor impacto re,VIII,,<Null>,1997,712,0,1179,1405,1448,1474,,3º BPM - Pedro Afonso,3º BPM,Miracema do Tocantins,17003,1574,Guaraí,55,Região Metropolitana de Araguaína,712.202,Sem Região,Área-Programa Noroeste,III,1574,843,731,930,474,456,644,369,275
1708304,Goianorte,58-Goianorte,Outros,Menor impacto re,VIII,,<Null>,1988,1801,5134,4839,5221,5376,5426,,7º BPM - Guaraí,7º BPM,Miracema do Tocantins,17003,4960,Guaraí,51,Região Médio Araguaia,1800.974,Sem Região,Área-Programa Noroeste,III,4956,2649,2307,2760,1392,1368,2196,1257,939
1718881,Santa Maria do Tocantins,80-Santa Maria do Tocantins,Outros,Menor impacto re,X,,Regiao Nordeste,1993,1410,2187,2226,2673,2755,2807,,3º BPM - Pedro Afonso,3º BPM,Porto Nacional,17006,2894,Guaraí,62,Região Nordeste,1410.446,Sem Região,Área-Programa Nordeste,IV,2894,1518,1376,1725,841,884,1169,677,492
1716703,Colméia,55-Colméia,Outros,Menor impacto re,VIII,,<Null>,1980,991,9141,9352,8759,9005,8961,,7º BPM - Guaraí,7º BPM,Miracema do Tocantins,17003,8604,Guaraí,52,Região Médio Araguaia,990.712,Sem Região,Área-Programa Noroeste,III,8611,4368,4243,6370,3147,3223,2241,1221,1020
1701903,Araguacema,54-Araguacema,Outros,Menor impacto re,VIII,,<Null>,1937,2778,4712,5414,5423,5579,5591,MESOESTE-Associação Municipios do Meio Oeste,8º BPM - Paraíso,8º BPM,Miracema do Tocantins,17003,6317,Guaraí,66,Região do Cantão,2778.452,Lagos e Praias do Cantão,Área-Programa Centro-Oeste,V,6317,3331,2986,2925,1465,1460,3392,1866,1526
1718501,Recursolândia,79-Recursolândia,Outros,Menor impacto re,X,,Regiao Nordeste,1993,1217,3051,3138,3665,3777,3839,,3º BPM - Pedro Afonso,3º BPM,Jalapão,17007,3768,Guaraí,60,Região Nordeste,2216.65,Sem Região,Área-Programa Nordeste,IV,3768,2008,1760,1990,1017,973,1778,991,787
1718402,Presidente Kennedy,49-Presidente Kennedy,Outros,Menor impacto re,VI,,<Null>,1971,770,4146,3759,3680,3785,3784,,7º BPM - Guaraí,7º BPM,Miracema do Tocantins,17003,3676,Colinas do Tocantins,49,Região Metropolitana de Araguaína,770.418,Sem Região,Área-Programa Noroeste,III,3681,1882,1799,3227,1635,1592,454,247,207
1706001,Couto de Magalhães,44-Couto de Magalhães,Outros,Menor impacto re,VI,,<Null>,1963,1586,4358,4335,4887,5035,5102,,7º BPM - Guaraí,7º BPM,Miracema do Tocantins,17003,5009,Colinas do Tocantins,46,Região Médio Araguaia,1585.773,Sem Região,Área-Programa Noroeste,III,5009,2638,2371,1884,941,943,3125,1697,1428
1711100,Itaporã do Tocantins,45-Itaporã do Tocantins,Outros,Menor impacto re,VI,,<Null>,1963,919,3214,2522,2989,3080,3135,,7º BPM - Guaraí,7º BPM,Miracema do Tocantins,17003,2428,Colinas do Tocantins,47,Região Médio Araguaia,918.916,Sem Região,Área-Programa Noroeste,III,2445,1285,1160,1563,793,770,882,492,390
1710508,Itacajá,76-Itacajá,Outros,Menor impacto re,X,,Regiao Nordeste,1953,3051,6549,6815,6386,6565,6534,,3º BPM - Pedro Afonso,3º BPM,Jalapão,17007,7104,Guaraí,59,Região Nordeste,3051.341,Sem Região,Área-Programa Nordeste,IV,7104,3731,3373,4273,2184,2089,2831,1547,1284
1703602,Brasilândia do Tocantins,42-Brasilândia do Tocantins,Outros,Menor impacto re,VI,,<Null>,1993,641,1761,1923,2119,2183,2208,,3ª CIPM - Colinas do Tocantins,3ª CIPM,Miracema do Tocantins,17003,2061,Colinas do Tocantins,48,Região Metropolitana de Araguaína,641.464,Sem Região,Área-Programa Noroeste,III,2064,1057,1007,1436,711,725,628,346,282
1721307,Tupiratins,50-Tupiratins,Outros,Menor impacto re,VI,,<Null>,1993,895,1313,1365,2007,2072,2143,,3º BPM - Pedro Afonso,3º BPM,Miracema do Tocantins,17003,2092,Colinas do Tocantins,50,Região Metropolitana de Araguaína,895.302,Sem Região,Área-Programa Noroeste,III,2097,1087,1010,1065,512,553,1032,575,457
1716653,Pequizeiro,48-Pequizeiro,Outros,Menor impacto re,VI,,<Null>,1987,1210,3574,4591,4799,4940,4971,,7º BPM - Guaraí,7º BPM,Miracema do Tocantins,17003,5050,Colinas do Tocantins,44,Região Médio Araguaia,1209.798,Sem Região,Área-Programa Noroeste,III,5054,2667,2387,2390,1205,1185,2664,1462,1202
1711803,Juarina,46-Juarina,Outros,Menor impacto re,VI,,<Null>,1989,481,2376,2333,2141,2200,2185,,7º BPM - Guaraí,7º BPM,Miracema do Tocantins,17003,2228,Colinas do Tocantins,43,Região Médio Araguaia,481.046,Sem Região,Área-Programa Noroeste,III,2231,1176,1055,1033,495,538,1198,681,517
1710904,Itapiratins,77-Itapiratins,Outros,Menor impacto re,X,,Regiao Nordeste,1993,1244,3392,3277,3421,3521,3543,,3º BPM - Pedro Afonso,3º BPM,Jalapão,17007,3514,Guaraí,58,Região Nordeste,1243.954,Sem Região,Área-Programa Nordeste,IV,3532,1913,1619,1914,983,931,1618,930,688
1703842,Campos Lindos,52-Campos Lindos,Outros,Menor impacto re,VII,,Regiao Nordeste,1993,3240,5102,5638,7615,7858,8079,,2º BPM - Araguaína,2º BPM,Jalapão,17007,8139,Araguaína,61,Região Nordeste,3240.156,Sem Região,Área-Programa Nordeste,IV,8139,4264,3875,4819,2419,2400,3320,1845,1475
1705508,Colinas do Tocantins,43-Colinas do Tocantins,Outros,Menor impacto re,VI,,<Null>,1963,844,24474,25301,29298,30190,30666,,3ª CIPM - Colinas do Tocantins,3ª CIPM,Araguaína,17002,30370,Colinas do Tocantins,45,Região Metropolitana de Araguaína,843.84,Sem Região,Área-Programa Noroeste,III,30838,15288,15550,29607,14597,15010,1231,691,540
1703206,Bernardo Sayão,41-Bernardo Sayão,Outros,Menor impacto re,VI,,<Null>,1987,927,4319,4551,4518,4648,4653,,3ª CIPM - Colinas do Tocantins,3ª CIPM,Miracema do Tocantins,17003,4455,Colinas do Tocantins,42,Região Médio Araguaia,926.884,Sem Região,Área-Programa Noroeste,III,4456,2325,2131,2187,1097,1090,2269,1228,1041
1703057,Bandeirantes do Tocantins,40-Bandeirantes do Tocantins,Bico,Menor impacto re,VI,,<Null>,1997,1672,0,2608,2711,2791,2807,,3ª CIPM - Colinas do Tocantins,3ª CIPM,Araguaína,17002,3118,Colinas do Tocantins,41,Região Médio Araguaia,1672.322,Sem Região,Área-Programa Noroeste,III,3122,1692,1430,1685,899,786,1437,793,644
1702307,Arapoema,39-Arapoema,Bico,Menor impacto re,VI,,<Null>,1963,1552,8693,7025,6839,7034,7029,,3ª CIPM - Colinas do Tocantins,3ª CIPM,Araguaína,17002,6742,Colinas do Tocantins,40,Região Médio Araguaia,1552.207,Sem Região,Área-Programa Noroeste,III,6742,3447,3295,5455,2735,2720,1287,712,575
1709005,Goiatins,53-Goiatins,Outros,Menor impacto re,VII,,Regiao Nordeste,1953,6409,14207,11036,11639,11982,12068,,2º BPM - Araguaína,2º BPM,Jalapão,17007,12042,Araguaína,57,Região Nordeste,6408.562,Sem Região,Área-Programa Nordeste,IV,12064,6287,5777,4949,2513,2436,7115,3774,3341
1715705,Palmeirante,36-Palmeirante,Outros,Menor impacto re,V,,Regiao Nordeste,1993,2641,3769,3610,4689,4837,4959,,3ª CIPM - Colinas do Tocantins,3ª CIPM,Araguaína,17002,4952,Araguaína,38,Região Metropolitana de Araguaína,2640.738,Sem Região,Área-Programa Norte,II,4954,2659,2295,1926,962,964,3028,1697,1331
1714880,Nova Olinda,35-Nova Olinda,Outros,Menor impacto re,V,,<Null>,1980,1566,8724,9385,10518,10835,10974,,3ª CIPM - Colinas do Tocantins,3ª CIPM,Araguaína,17002,10683,Araguaína,36,Região Metropolitana de Araguaína,1566.237,Sem Região,Área-Programa Norte,II,10686,5576,5110,7465,3769,3696,3221,1807,1414
1703073,Barra do Ouro,51-Barra do Ouro,Outros,Menor impacto re,VII,,Regiao Nordeste,1997,1106,0,3579,3581,3684,3691,,2º BPM - Araguaína,2º BPM,Jalapão,17007,4123,Araguaína,56,Região Nordeste,1106.339,Sem Região,Área-Programa Nordeste,IV,4123,2195,1928,2186,1132,1054,1937,1063,874
1716307,Pau d'Arco,47-Pau D'Arco,Bico,Menor impacto re,VI,,<Null>,1993,1311,4875,4335,4767,4909,4964,,3ª CIPM - Colinas do Tocantins,3ª CIPM,Araguaína,17002,4588,Colinas do Tocantins,39,Região Médio Araguaia,1300.97,Vale dos Grandes Rios,Área-Programa Noroeste,III,4588,2459,2129,2900,1499,1401,1688,960,728
1707702,Filadélfia,33-Filadélfia,Outros,Menor impacto re,V,,Regiao Nordeste,1948,1998,7407,8218,7787,8007,7978,,2º BPM - Araguaína,2º BPM,Araguaína,17002,8498,Araguaína,37,Região Metropolitana de Araguaína,1988.068,Vale dos Grandes Rios,Área-Programa Norte,II,8505,4470,4035,5538,2801,2737,2967,1669,1298
1702109,Araguaína,30-Araguaína,Bico,Capital,V,,,1958,4000,105019,113143,115759,119128,119637,,2º BPM - Araguaína,2º BPM,Araguaína,17002,149313,Araguaína,33,Região Metropolitana de Araguaína,4000.395,Vale dos Grandes Rios,Área-Programa Norte,II,150484,73587,76897,142925,69468,73457,7559,4119,3440
1703883,Carmolândia,32-Carmolândia,Bico,Menor impacto re,V,,<Null>,1993,339,1610,2008,2313,2383,2420,,2º BPM - Araguaína,2º BPM,Araguaína,17002,2285,Araguaína,32,Região Metropolitana de Araguaína,339.401,Sem Região,Área-Programa Norte,II,2316,1206,1110,1824,937,887,492,269,223
1703008,Babaçulândia,31-Babaçulândia,Outros,Menor impacto re,V,,Regiao Nordeste,1953,1788,8775,10329,10372,10672,10698,,2º BPM - Araguaína,2º BPM,Araguaína,17002,10267,Araguaína,35,Região Metropolitana de Araguaína,1788.442,Vale dos Grandes Rios,Área-Programa Norte,II,10424,5540,4884,4929,2466,2463,5495,3074,2421
1718865,Santa Fé do Araguaia,37-Santa Fé do Araguaia,Bico,Menor impacto re,V,,<Null>,1993,1677,4336,5507,5610,5773,5795,CMVA-Consorcio Municípios Vale do Araguaia,2º BPM - Araguaína,2º BPM,Araguaína,17002,6599,Araguaína,31,Região Metropolitana de Araguaína,1676.945,Sem Região,Área-Programa Norte,II,6599,3417,3182,4374,2205,2169,2225,1212,1013
1713957,Muricilândia,34-Muricilândia,Bico,Menor impacto re,V,,<Null>,1993,1188,3039,2680,2850,2935,2958,,2º BPM - Araguaína,2º BPM,Araguaína,17002,3152,Araguaína,30,Região Metropolitana de Araguaína,1187.798,Sem Região,Área-Programa Norte,II,3152,1657,1495,1800,898,902,1352,759,593
1701309,Aragominas,29-Aragominas,Bico,Menor impacto re,V,,<Null>,1993,1173,3486,6180,5469,5618,5555,,2º BPM - Araguaína,2º BPM,Araguaína,17002,5882,Araguaína,29,Região Metropolitana de Araguaína,1173.026,Sem Região,Área-Programa Norte,II,5882,3138,2744,2230,1104,1126,3652,2034,1618
1722081,Wanderlândia,38-Wanderlândia,Bico,Menor impacto re,V,,Regiao Nordeste,1980,1373,10274,10273,9317,9574,9493,,2º BPM - Araguaína,2º BPM,Araguaína,17002,10949,Araguaína,34,Região Metropolitana de Araguaína,1373.055,Vale dos Grandes Rios,Área-Programa Norte,II,10981,5647,5334,5868,2955,2913,5113,2692,2421
1706506,Darcinópolis,16-Darcinópolis,Bico,Menor impacto re,III,Bico do Papagaio,Regiao Bico,1993,1549,3905,4273,5130,5288,5388,AMBIP-Assc. Municipios do Bico do Papagaio,2º BPM - Araguaína,2º BPM,Bico do Papagaio,17001,5273,Araguatins,25,Região do Extremo Norte ou Bico do Papagaio,1548.89,Vale dos Grandes Rios,Área-Programa Extremo Norte(Bico do Papagaio),I,5273,2775,2498,3489,1759,1730,1784,1016,768
1702158,Araguanã,25-Araguanã,Bico,Menor impacto re,IV,,<Null>,1993,834,3069,4193,5000,5154,5248,,2º BPM - Araguaína,2º BPM,Araguaína,17002,5023,Araguaína,27,Região Metropolitana de Araguaína,834.701,Vale dos Grandes Rios,Área-Programa Norte,II,5030,2584,2446,3386,1718,1668,1644,866,778
1713809,Palmeiras do Tocantins,21-Palmeiras do Tocantins,Bico,Menor impacto re,III,Bico do Papagaio,Regiao Bico,1993,748,3533,4622,4542,4672,4673,AMBIP-Assc. Municipios do Bico do Papagaio,5ª CIPM - Tocantinópolis,5ª CIPM,Bico do Papagaio,17001,5695,Araguatins,24,Região do Extremo Norte ou Bico do Papagaio,747.895,Sem Região,Área-Programa Extremo Norte(Bico do Papagaio),I,5740,2991,2749,3232,1631,1601,2508,1360,1148
1717206,Piraquê,26-Piraquê,Bico,Menor impacto re,IV,,<Null>,1993,922,1785,2360,3014,3103,3127,,2º BPM - Araguaína,2º BPM,Araguaína,17002,2877,Araguaína,28,Região Metropolitana de Araguaína,921.585,Sem Região,Área-Programa Norte,II,2920,1626,1294,1122,560,562,1798,1066,732
1700301,Aguiarnópolis,14-Aguiarnópolis,Bico,Menor impacto re,III,Bico do Papagaio,Regiao Bico,1997,235,0,3145,3995,4120,4216,AMBIP-Assc. Municipios do Bico do Papagaio,5ª CIPM - Tocantinópolis,5ª CIPM,Bico do Papagaio,17001,5140,Araguatins,23,Região do Extremo Norte ou Bico do Papagaio,235.391,Bico do Papagaio,Área-Programa Extremo Norte(Bico do Papagaio),I,5162,2618,2544,4142,2056,2086,1020,562,458
1720002,Santa Terezinha do Tocantins,22-Santa Terezinha do Tocantins,Bico,Menor impacto re,III,Bico do Papagaio,Regiao Bico,1997,270,0,2455,2291,2356,2343,AMBIP-Assc. Municipios do Bico do Papagaio,5ª CIPM - Tocantinópolis,5ª CIPM,Bico do Papagaio,17001,2468,Araguatins,22,Região do Extremo Norte ou Bico do Papagaio,269.676,Sem Região,Área-Programa Extremo Norte(Bico do Papagaio),I,2474,1268,1206,1594,804,790,880,464,416
1718550,Riachinho,27-Riachinho,Bico,Menor impacto re,IV,Bico do Papagaio,Regiao Bico,1993,611,3502,3670,3691,3798,3808,AMBIP-Assc. Municipios do Bico do Papagaio,5ª CIPM - Tocantinópolis,5ª CIPM,Bico do Papagaio,17001,4170,Araguaína,17,Região do Extremo Norte ou Bico do Papagaio,610.726,Sem Região,Área-Programa Extremo Norte(Bico do Papagaio),I,4191,2168,2023,1812,896,916,2379,1272,1107
1722107,Xambioá,28-Xambioá,Bico,Menor impacto re,IV,,<Null>,1958,1634,11183,12137,10856,11160,11099,,2º BPM - Araguaína,2º BPM,Araguaína,17002,11484,Araguaína,26,Região Metropolitana de Araguaína,1633.769,Vale dos Grandes Rios,Área-Programa Norte,II,11484,5907,5577,9738,4910,4828,1746,997,749
1701051,Angico,15-Angico,Bico,Menor impacto re,III,Bico do Papagaio,Regiao Bico,1993,439,2755,2889,3169,3264,3300,AMBIP-Assc. Municipios do Bico do Papagaio,5ª CIPM - Tocantinópolis,5ª CIPM,Bico do Papagaio,17001,3152,Araguatins,18,Região do Extremo Norte ou Bico do Papagaio,438.703,Bico do Papagaio,Área-Programa Extremo Norte(Bico do Papagaio),I,3175,1673,1502,1938,991,947,1237,682,555
1714302,Nazaré,20-Nazaré,Bico,Menor impacto re,III,Bico do Papagaio,Regiao Bico,1958,396,7156,5150,4528,4652,4596,AMBIP-Assc. Municipios do Bico do Papagaio,5ª CIPM - Tocantinópolis,5ª CIPM,Bico do Papagaio,17001,4386,Araguatins,20,Região do Extremo Norte ou Bico do Papagaio,395.903,Sem Região,Área-Programa Extremo Norte(Bico do Papagaio),I,4386,2262,2124,1991,995,996,2395,1267,1128
1712454,Luzinópolis,18-Luzinópolis,Bico,Menor impacto re,III,Bico do Papagaio,Regiao Bico,1997,280,0,2021,2784,2874,2959,AMBIP-Assc. Municipios do Bico do Papagaio,5ª CIPM - Tocantinópolis,5ª CIPM,Bico do Papagaio,17001,2622,Araguatins,19,Região do Extremo Norte ou Bico do Papagaio,279.562,Sem Região,Área-Programa Extremo Norte(Bico do Papagaio),I,2622,1350,1272,1675,851,824,947,499,448
1721208,Tocantinópolis,23-Tocantinópolis,Bico,Capital,III,Bico do Papagaio,Regiao Bico,1858,1077,22810,22777,21334,21932,21826,AMBIP-Assc. Municipios do Bico do Papagaio,5ª CIPM - Tocantinópolis,5ª CIPM,Bico do Papagaio,17001,22590,Araguatins,21,Região do Extremo Norte ou Bico do Papagaio,1077.066,Bico do Papagaio,Área-Programa Extremo Norte(Bico do Papagaio),I,22619,11200,11419,18318,8912,9406,4301,2288,2013
1703826,Cachoeirinha,2-Cachoeirinha,Bico,Menor impacto re,I,Bico do Papagaio,Regiao Bico,1993,352,2039,2023,2171,2235,2255,AMBIP-Assc. Municipios do Bico do Papagaio,5ª CIPM - Tocantinópolis,5ª CIPM,Bico do Papagaio,17001,2148,Araguatins,15,Região do Extremo Norte ou Bico do Papagaio,352.343,Sem Região,Área-Programa Extremo Norte(Bico do Papagaio),I,2148,1137,1011,1731,902,829,417,235,182
1701002,Ananás,24-Ananás,Bico,Menor impacto re,IV,Bico do Papagaio,Regiao Bico,1963,1587,9694,10512,9358,9615,9514,AMBIP-Assc. Municipios do Bico do Papagaio,5ª CIPM - Tocantinópolis,5ª CIPM,Bico do Papagaio,17001,9846,Araguaína,14,Região do Extremo Norte ou Bico do Papagaio,1587,Bico do Papagaio,Área-Programa Extremo Norte(Bico do Papagaio),I,9865,4981,4884,8144,4087,4057,1721,894,827
1712801,Maurilândia do Tocantins,19-Maurilândia do Tocantins,Bico,Menor impacto re,III,Bico do Papagaio,Regiao Bico,1993,738,2721,2854,3185,3281,3322,AMBIP-Assc. Municipios do Bico do Papagaio,5ª CIPM - Tocantinópolis,5ª CIPM,Bico do Papagaio,17001,3112,Araguatins,16,Região do Extremo Norte ou Bico do Papagaio,738.101,Sem Região,Área-Programa Extremo Norte(Bico do Papagaio),I,3154,1697,1457,2017,1043,974,1137,654,483
1720101,São Bento do Tocantins,4-São Bento do Tocantins,Bico,Menor impacto re,I,Bico do Papagaio,Regiao Bico,1993,1105,2834,3738,4447,4583,4666,AMBIP-Assc. Municipios do Bico do Papagaio,4ª CIPM - Araguatins,4ª CIPM,Bico do Papagaio,17001,4615,Araguatins,12,Região do Extremo Norte ou Bico do Papagaio,1105.893,Bico do Papagaio,Área-Programa Extremo Norte(Bico do Papagaio),I,4608,2403,2205,2716,1398,1318,1892,1005,887
1710706,Itaguatins,17-Itaguatins,Bico,Menor impacto re,III,Bico do Papagaio,Regiao Bico,1945,740,6492,6386,6074,6246,6226,AMBIP-Assc. Municipios do Bico do Papagaio,5ª CIPM - Tocantinópolis,5ª CIPM,Bico do Papagaio,17001,5628,Araguatins,13,Região do Extremo Norte ou Bico do Papagaio,739.846,Bico do Papagaio,Área-Programa Extremo Norte(Bico do Papagaio),I,6029,3104,2925,3396,1680,1716,2633,1424,1209
1702901,Axixá do Tocantins,7-Axixá do Tocantins,Bico,Menor impacto re,II,Bico do Papagaio,Regiao Bico,1963,150,9698,8827,8917,9175,9203,AMBIP-Assc. Municipios do Bico do Papagaio,4ª CIPM - Araguatins,4ª CIPM,Bico do Papagaio,17001,9275,Araguatins,9,Região do Extremo Norte ou Bico do Papagaio,150.214,Sem Região,Área-Programa Extremo Norte(Bico do Papagaio),I,9275,4600,4675,7621,3757,3864,1654,843,811
1720804,Sítio Novo do Tocantins,13-Sítio Novo do Tocantins,Bico,Menor impacto re,II,Bico do Papagaio,Regiao Bico,1963,324,10114,9488,9302,9568,9568,AMBIP-Assc. Municipios do Bico do Papagaio,4ª CIPM - Araguatins,4ª CIPM,Bico do Papagaio,17001,9148,Araguatins,10,Região do Extremo Norte ou Bico do Papagaio,324.102,Sem Região,Área-Programa Extremo Norte(Bico do Papagaio),I,9148,4631,4517,4875,2403,2472,4273,2228,2045
1720200,São Miguel do Tocantins,12-São Miguel do Tocantins,Bico,Menor impacto re,II,Bico do Papagaio,Regiao Bico,1993,399,8304,8486,10221,10536,10737,AMBIP-Assc. Municipios do Bico do Papagaio,4ª CIPM - Araguatins,4ª CIPM,Bico do Papagaio,17001,10490,Araguatins,11,Região do Extremo Norte ou Bico do Papagaio,398.817,Sem Região,Área-Programa Extremo Norte(Bico do Papagaio),I,10481,5290,5191,2547,1241,1306,7934,4049,3885
1702554,Augustinópolis,6-Augustinópolis,Bico,Menor impacto re,II,Bico do Papagaio,Regiao Bico,1982,414,13924,12964,14800,15248,15469,AMBIP-Assc. Municipios do Bico do Papagaio,4ª CIPM - Araguatins,4ª CIPM,Bico do Papagaio,17001,15883,Araguatins,7,Região do Extremo Norte ou Bico do Papagaio,414.37,Bico do Papagaio,Área-Programa Extremo Norte(Bico do Papagaio),I,15950,8005,7945,13176,6522,6654,2774,1483,1291
1718303,Praia Norte,10-Praia  Norte,Bico,Menor impacto re,II,Bico do Papagaio,Regiao Bico,1988,289,5149,6781,7060,7267,7310,AMBIP-Assc. Municipios do Bico do Papagaio,4ª CIPM - Araguatins,4ª CIPM,Bico do Papagaio,17001,7661,Araguatins,8,Região do Extremo Norte ou Bico do Papagaio,289.052,Bico do Papagaio,Área-Programa Extremo Norte(Bico do Papagaio),I,7659,3897,3762,4468,2246,2222,3191,1651,1540
1702208,Araguatins,1-Araguatins,Bico,Capital,I,Bico do Papagaio,Regiao Bico_Sede,1948,2627,22558,26010,25973,26722,26771,AMBIP-Assc. Municipios do Bico do Papagaio,4ª CIPM - Araguatins,4ª CIPM,Bico do Papagaio,17001,31232,Araguatins,3,Região do Extremo Norte ou Bico do Papagaio,2627.28,Bico do Papagaio,Área-Programa Extremo Norte(Bico do Papagaio),I,31329,15968,15361,20135,9934,10201,11194,6034,5160
1703800,Buriti do Tocantins,8-Buriti do Tocantins,Bico,Menor impacto re,II,Bico do Papagaio,Regiao Bico,1988,250,7599,7842,8164,8404,8454,AMBIP-Assc. Municipios do Bico do Papagaio,4ª CIPM - Araguatins,4ª CIPM,Bico do Papagaio,17001,9767,Araguatins,4,Região do Extremo Norte ou Bico do Papagaio,249.906,Sem Região,Área-Programa Extremo Norte(Bico do Papagaio),I,9768,4939,4829,7454,3725,3729,2314,1214,1100
1703891,Carrasco Bonito,9-Carrasco Bonito,Bico,Menor impacto re,II,Bico do Papagaio,Regiao Bico,1993,195,2727,3218,3314,3411,3428,AMBIP-Assc. Municipios do Bico do Papagaio,4ª CIPM - Araguatins,4ª CIPM,Bico do Papagaio,17001,3687,Araguatins,5,Região do Extremo Norte ou Bico do Papagaio,195.017,Sem Região,Área-Programa Extremo Norte(Bico do Papagaio),I,3688,1919,1769,1967,1023,944,1721,896,825
1718808,Sampaio,11-Sampaio,Bico,Menor impacto re,II,Bico do Papagaio,Regiao Bico,1988,201,2829,2801,3672,3788,3886,AMBIP-Assc. Municipios do Bico do Papagaio,4ª CIPM - Araguatins,4ª CIPM,Bico do Papagaio,17001,3863,Araguatins,6,Região do Extremo Norte ou Bico do Papagaio,200.813,Bico do Papagaio,Área-Programa Extremo Norte(Bico do Papagaio),I,3864,1970,1894,3516,1782,1734,348,188,160
1707405,Esperantina,3-Esperantina,Bico,Menor impacto re,I,Bico do Papagaio,Regiao Bico,1993,504,5963,7623,8134,8375,8445,AMBIP-Assc. Municipios do Bico do Papagaio,4ª CIPM - Araguatins,4ª CIPM,Bico do Papagaio,17001,9476,Araguatins,1,Região do Extremo Norte ou Bico do Papagaio,504.019,Bico do Papagaio,Área-Programa Extremo Norte(Bico do Papagaio),I,9476,4910,4566,4614,2353,2261,4862,2557,2305
1720309,São Sebastião do Tocantins,5-São Sebastião do Tocantins,Bico,Menor impacto re,I,Bico do Papagaio,Regiao Bico,1963,287,3516,3669,4244,4373,4441,AMBIP-Assc. Municipios do Bico do Papagaio,4ª CIPM - Araguatins,4ª CIPM,Bico do Papagaio,17001,4283,Araguatins,2,Região do Extremo Norte ou Bico do Papagaio,287.271,Bico do Papagaio,Área-Programa Extremo Norte(Bico do Papagaio),I,4283,2199,2084,3283,1646,1637,1000,553,447
1712157,Lavandeira,137-Lavandeira,Outros,Menor impacto re,XVIII,Sudeste,Regiao Sudeste,1997,520,0,1209,1590,1640,1683,Portal do Sudeste-Assoc. Municipios do Sudeste,1ª CIPM - Arraias,1ª CIPM,Dianópolis,17008,1605,Dianópolis,137,Região Sudeste,519.569,Sem Região,Área-Programa Sudeste,X,1605,838,767,1023,507,516,582,331,251
1702703,Aurora do Tocantins,136-Aurora do Tocantins,Outros,Menor impacto re,XVIII,Sudeste,Regiao Sudeste,1963,753,4382,3101,3385,3486,3523,Portal do Sudeste-Assoc. Municipios do Sudeste,1ª CIPM - Arraias,1ª CIPM,Dianópolis,17008,3446,Dianópolis,136,Região Sudeste,752.826,Serras Gerais,Área-Programa Sudeste,X,3446,1774,1672,2482,1227,1255,964,547,417
1717800,Ponte Alta do Bom Jesus,138-Ponte Alta do Bom Jesus,Outros,Menor impacto re,XVIII,Sudeste,Regiao Sudeste,1958,1806,4715,4574,4529,4660,4664,Portal do Sudeste-Assoc. Municipios do Sudeste,2ª CIPM - Dianópolis,2ª CIPM,Dianópolis,17008,4548,Dianópolis,133,Região Sudeste,1806.132,Sem Região,Área-Programa Sudeste,X,4544,2405,2139,2501,1257,1244,2043,1148,895
1715259,Novo Jardim,125-Novo Jardim,Outros,Menor impacto re,XV,Sudeste,Regiao Sudeste,1993,1310,2010,2151,2419,2492,2525,Portal do Sudeste-Assoc. Municipios do Sudeste,2ª CIPM - Dianópolis,2ª CIPM,Dianópolis,17008,2457,Dianópolis,132,Região Sudeste,1309.658,Sem Região,Área-Programa Sudeste,X,2457,1277,1180,1776,900,876,681,377,304
1707009,Dianópolis,124-Dianópolis,Outros,Capital,XV,Sudeste,Regiao Sudeste_Sede,1884,3217,14882,15428,18584,19158,19524,Portal do Sudeste-Assoc. Municipios do Sudeste,2ª CIPM - Dianópolis,2ª CIPM,Dianópolis,17008,18747,Dianópolis,130,Região Sudeste,3217.179,Serras Gerais,Área-Programa Sudeste,X,19112,9679,9433,16444,8181,8263,2668,1498,1170
1718659,Rio da Conceição,127-Rio da Conceição,Outros,Menor impacto re,XV,Sudeste,Regiao Sudeste,1993,771,1035,1189,1454,1499,1530,,2ª CIPM - Dianópolis,2ª CIPM,Dianópolis,17008,1707,Dianópolis,127,Região Sudeste,771.112,Serras Gerais,Área-Programa Sudeste,X,1714,886,828,1574,810,764,140,76,64
1712702,Mateiros,97-Mateiros,Outros,Menor impacto re,XII,Jalapão,Regiao Jalapao,1993,9592,1490,1646,1737,1788,1802,Portal do Sudeste-Assoc. Municipios do Sudeste,5º BPM - Porto Nacional,5º BPM,Jalapão,17007,2169,Ponte Alta do Tocantins,101,Região do Jalapão,9591.543,Encantos do Jalapão,Área-Programa leste( Jalapão),VII,2223,1187,1036,1417,726,691,806,461,345
1709302,Guaraí,59-Guaraí,Outros,Capital,VIII,,<Null>,1968,2268,20404,20018,21669,22314,22530,,7º BPM - Guaraí,7º BPM,Miracema do Tocantins,17003,23163,Guaraí,53,Região Metropolitana de Araguaína,2268.147,Sem Região,Área-Programa Noroeste,III,23200,11687,11513,21128,10538,10590,2072,1149,923
