cod_ibge,nome,nume_cid,pgai,tipo_cidd,regiao_num,territ_cid,utr,criacao,area,pop_1996,pop_2000,pop_2007,pop_2008,pop_2009,assoc_mun,reg_pm,art_pm,region_ibg,cod_region,pop_2010,ppa_2012_2,number,regionaliz,areaoficia,reg_tur,nova_regio,nova_reg_o,cultura,area_1989,area_1990,area_1991,area_1992,area_1993,area_1994,area_1995,area_1996,area_1997,area_1998,area_1999,area_2000,area_2001,area_2002,area_2003,area_2004,area_2005,area_2006,area_2007,area_2008,area_2009,area_2010,area_2011,area_2012,area_2013,area_2014,area_2015,area_2016,area_2017,area_2018,colh_1989,colh_1990,colh_1991,colh_1992,colh_1993,colh_1994,colh_1995,colh_1996,colh_1997,colh_1998,colh_1999,colh_2000,colh_2001,colh_2002,colh_2003,colh_2004,colh_2005,colh_2006,colh_2007,colh_2008,colh_2009,colh_2010,colh_2011,colh_2012,colh_2013,colh_2014,colh_2015,colh_2016,colh_2017,colh_2018,prod_1989,prod_1990,prod_1991,prod_1992,prod_1993,prod_1994,prod_1995,prod_1996,prod_1997,prod_1998,prod_1999,prod_2000,prod_2001,prod_2002,prod_2003,prod_2004,prod_2005,prod_2006,prod_2007,prod_2008,prod_2009,prod_2010,prod_2011,prod_2012,prod_2013,prod_2014,prod_2015,prod_2016,prod_2017,prod_2018,rend_1989,rend_1990,rend_1991,rend_1992,rend_1993,rend_1994,rend_1995,rend_1996,rend_1997,rend_1998,rend_1999,rend_2000,rend_2001,rend_2002,rend_2003,rend_2004,rend_2005,rend_2006,rend_2007,rend_2008,rend_2009,rend_2010,rend_2011,rend_2012,rend_2013,rend_2014,rend_2015,rend_2016,rend_2017,rend_2018
1715150,Novo Alegre,135-Novo Alegre,Outros,Menor impacto re,XVII,Sudeste,Regiao Sudeste,1993,200,1981,2274,1801,1848,1802,Portal do Sudeste-Assoc. Municipios do Sudeste,1ª CIPM - Arraias,1ª CIPM,Dianópolis,17008,2286,Dianópolis,139,Região Sudeste,200.105,Sem Região,Área-Programa Sudeste,X,feijao,0,0,0,0,70,70,70,16,0,0,0,0,0,0,0,0,0,0,0,0,0,0,0,0,0,0,0,0,0,0,10,10,5,5,0,0,0,10,0,0,20,20,20,20,20,15,15,15,15,20,20,20,20,30,25,0,0,0,0,9,3,3,1,1,0,0,0,4,0,0,6,6,6,6,12,9,9,9,9,12,12,12,12,20,16,0,0,0,0,5,300,300,200,200,0,0,0,400,0,0,300,300,300,300,600,600,600,600,600,600,600,600,600,667,640,0,0,0,0,556
1715754,Palmeirópolis,129-Palmerópolis,Outros,Menor impacto re,XVI,Sudeste,Regiao Sudeste,1980,1704,7395,7068,8120,8366,8492,,4º BPM - Gurupi,4º BPM,Gurupi,17005,7342,Dianópolis,119,Região Sudeste,1703.936,Sem Região,Área-Programa Sul,IX,feijao,200,50,40,0,130,0,10,20,0,0,0,10,0,0,40,25,20,18,25,30,50,60,0,0,0,0,0,0,0,0,0,0,0,0,0,0,0,10,30,35,50,50,60,60,60,80,100,110,100,115,100,100,85,80,150,150,195,195,150,150,0,0,0,0,0,0,0,3,9,10,10,10,15,15,15,28,36,40,38,42,50,50,43,48,90,90,117,117,91,92,0,0,0,0,0,0,0,300,300,285,200,200,250,250,250,350,360,363,380,365,500,500,506,600,600,600,600,600,607,613
1705557,Combinado,133-Combinado,Outros,Menor impacto re,XVII,Sudeste,Regiao Sudeste,1987,210,4915,4524,4878,5023,5070,Portal do Sudeste-Assoc. Municipios do Sudeste,1ª CIPM - Arraias,1ª CIPM,Dianópolis,17008,4669,Dianópolis,138,Região Sudeste,209.613,Sem Região,Área-Programa Sudeste,X,feijao,290,300,309,200,210,190,190,0,0,0,0,0,0,0,0,0,0,0,0,0,0,0,0,0,0,0,0,0,0,0,600,200,80,100,100,100,100,100,100,100,85,80,90,100,80,90,80,100,90,100,120,130,110,120,100,15,15,35,20,20,90,40,20,30,30,30,30,30,30,20,25,20,25,40,33,38,34,43,45,40,48,65,55,72,55,9,6,18,8,12,150,200,250,300,300,300,300,300,300,200,294,250,277,400,412,422,425,430,500,400,400,500,500,600,550,600,400,514,400,600
1702000,Araguaçu,111-Araguaçu,Outros,Menor impacto re,XIV,,<Null>,1958,5168,9801,9346,8989,9244,9225,AMSUL-Associação  dos Municipios do Sul,4º BPM - Gurupi,4º BPM,Rio Formoso,17004,8789,Gurupi,107,Região Metropolitana de Gurupi,5167.886,Sem Região,Área-Programa  Sudoeste( Ilha do Bananal),VIII,feijao,0,0,0,0,0,0,0,14,0,0,0,0,0,0,0,0,0,0,0,0,0,0,0,0,0,0,0,0,0,0,30,30,30,10,10,10,10,2,0,60,50,0,0,0,0,0,0,0,0,0,0,0,0,0,0,0,0,0,34,15,8,8,9,3,3,3,3,1,0,22,18,0,0,0,0,0,0,0,0,0,0,0,0,0,0,0,0,0,27,8,267,266,300,300,300,300,300,500,0,366,360,0,0,0,0,0,0,0,0,0,0,0,0,0,0,0,0,0,794,533
1711506,Jaú do Tocantins,118-Jaú do Tocantins,Outros,Menor impacto re,XIV,,<Null>,1993,2173,3437,3121,3789,3906,3983,AMSUL-Associação  dos Municipios do Sul,4º BPM - Gurupi,4º BPM,Gurupi,17005,3503,Gurupi,117,Região Metropolitana de Gurupi,2173.038,Sem Região,Área-Programa Sul,IX,feijao,0,0,0,0,0,0,0,18,0,0,0,0,0,0,0,0,0,0,0,0,0,0,0,12,10,11,10,10,9,100,500,400,309,100,100,100,100,100,100,120,150,120,140,150,200,250,260,280,250,300,250,240,200,200,220,20,50,45,10,10,100,80,69,20,20,20,21,20,21,25,25,24,35,45,60,125,117,129,115,135,125,144,120,120,132,10,30,27,6,6,200,200,223,200,200,200,210,200,210,208,166,200,250,300,300,500,450,460,460,450,500,600,600,600,600,500,600,600,600,600
1720978,Talismã,122-Talismã,Outros,Menor impacto re,XIV,,<Null>,1997,2157,0,2306,2555,2632,2663,AMSUL-Associação  dos Municipios do Sul,4º BPM - Gurupi,4º BPM,Gurupi,17005,2562,Gurupi,116,Região Metropolitana de Gurupi,2156.892,Sem Região,Área-Programa Sul,IX,feijao,0,0,0,0,0,0,0,0,0,0,0,0,0,0,0,0,0,0,0,0,0,10,0,0,0,0,0,0,0,0,0,0,0,0,30,0,30,0,0,0,0,0,0,0,0,0,0,0,0,0,0,0,0,0,0,0,0,0,0,0,0,0,0,0,15,0,9,0,0,0,0,0,0,0,0,0,0,0,0,0,0,0,0,0,0,0,0,0,0,0,0,0,0,0,500,0,300,0,0,0,0,0,0,0,0,0,0,0,0,0,0,0,0,0,0,0,0,0,0,0
1702406,Arraias,132-Arraias,Outros,Capital,XVII,Sudeste,Regiao Sudeste,1914,5787,11551,10984,10626,10928,10913,Portal do Sudeste-Assoc. Municipios do Sudeste,1ª CIPM - Arraias,1ª CIPM,Dianópolis,17008,10643,Dianópolis,135,Região Sudeste,5786.844,Serras Gerais,Área-Programa Sudeste,X,feijao,290,490,258,140,320,70,77,27,0,0,0,0,0,0,0,0,0,0,0,0,0,0,0,0,0,0,0,0,0,0,900,800,200,80,100,100,100,50,60,50,50,50,50,50,60,100,90,100,100,110,120,110,90,90,90,20,50,50,25,30,165,160,50,20,30,30,30,16,18,16,16,16,17,17,21,40,38,45,45,49,60,55,45,54,54,12,30,30,15,18,183,200,250,250,300,300,300,320,300,320,320,320,340,340,350,400,422,450,450,445,500,500,500,600,600,600,600,600,600,600
1720259,São Salvador do Tocantins,131-São Salvador do Tocantins,Outros,Menor impacto re,XVI,Sudeste,Regiao Sudeste,1993,1422,2229,2740,3012,3102,3136,,4º BPM - Gurupi,4º BPM,Gurupi,17005,2910,Dianópolis,118,Região Sudeste,1422.025,Sem Região,Área-Programa Sul,IX,feijao,0,0,0,0,40,0,0,0,0,0,0,0,0,0,0,0,0,41,40,44,40,0,40,40,35,30,25,20,18,21,0,0,0,0,160,170,115,68,30,50,65,55,55,130,100,100,60,60,64,64,15,15,15,40,35,30,35,35,35,60,0,0,0,0,49,55,35,23,10,20,26,22,22,78,60,60,36,72,28,38,8,9,9,24,22,19,17,17,17,29,0,0,0,0,306,323,304,338,333,400,400,400,400,600,600,600,600,1200,437,593,533,600,600,600,629,633,486,486,486,483
1700707,Alvorada,110-Alvorada,Outros,Menor impacto re,XIV,,<Null>,1963,1212,10219,8508,7976,8200,8161,AMSUL-Associação  dos Municipios do Sul,4º BPM - Gurupi,4º BPM,Gurupi,17005,8379,Gurupi,115,Região Metropolitana de Gurupi,1212.161,Sem Região,Área-Programa Sul,IX,feijao,0,0,0,0,0,0,0,0,0,0,0,0,0,0,0,0,0,0,0,0,0,5,0,0,0,0,0,0,0,0,150,160,165,120,220,120,90,153,0,0,150,0,0,0,0,0,0,0,0,0,0,0,0,0,0,0,0,0,0,0,29,70,80,60,210,186,27,113,0,0,315,0,0,0,0,0,0,0,0,0,0,0,0,0,0,0,0,0,0,0,193,437,484,500,954,1550,300,738,0,0,2100,0,0,0,0,0,0,0,0,0,0,0,0,0,0,0,0,0,0,0
1720903,Taguatinga,139-Taguatinga,Outros,Capital,XVIII,Sudeste,Regiao Sudeste,1868,2437,13711,13169,14110,14528,14655,Portal do Sudeste-Assoc. Municipios do Sudeste,1ª CIPM - Arraias,1ª CIPM,Dianópolis,17008,15048,Dianópolis,134,Região Sudeste,2437.386,Serras Gerais,Área-Programa Sudeste,X,feijao,170,180,185,150,150,130,130,0,0,0,0,0,0,0,0,0,0,0,0,0,0,0,0,0,0,0,0,0,0,0,0,0,0,0,0,0,0,0,200,100,100,53,53,126,126,0,0,0,0,150,160,0,620,503,173,200,0,0,0,0,0,0,0,0,0,0,0,0,480,240,230,122,120,277,270,0,0,0,0,360,384,0,669,482,132,243,0,0,0,0,0,0,0,0,0,0,0,0,2400,2400,2300,2301,2264,2198,2142,0,0,0,0,2400,2400,0,1079,958,763,1215,0,0,0,0
1718840,Sandolândia,120-Sandolândia,Javaés,Menor impacto re,XIV,,<Null>,1993,3529,3495,3332,3443,3543,3562,AMSUL-Associação  dos Municipios do Sul,4º BPM - Gurupi,4º BPM,Rio Formoso,17004,3326,Gurupi,106,Região Metropolitana de Gurupi,3528.609,Sem Região,Área-Programa  Sudoeste( Ilha do Bananal),VIII,feijao,0,0,0,0,0,0,0,8,0,0,0,0,0,0,0,0,0,0,0,0,0,0,0,0,0,0,0,0,0,0,30,120,60,220,140,110,87,40,30,50,65,65,60,80,80,100,70,70,40,40,13,13,17,40,35,42,43,51,51,246,7,35,20,70,42,35,25,11,10,20,25,26,24,48,48,60,42,42,24,24,6,7,10,24,22,26,23,28,28,205,233,291,333,318,300,318,287,275,333,400,384,400,400,600,600,600,600,600,600,600,461,538,588,600,629,619,535,549,549,833
1716208,Paranã,130-Paranã,Outros,Menor impacto re,XVI,Sudeste,Regiao Sudeste,1857,11260,9270,10416,10491,10794,10824,Portal do Sudeste-Assoc. Municipios do Sudeste,1ª CIPM - Arraias,1ª CIPM,Dianópolis,17008,10316,Dianópolis,128,Região Sudeste,11260.151,Serras Gerais,Área-Programa Sudeste,X,feijao,150,100,124,50,50,50,50,6,0,6,0,0,0,0,0,0,0,5,10,15,20,30,30,40,45,40,45,45,41,45,150,10,15,20,25,30,40,3,15,10,10,10,10,0,0,0,0,0,0,0,0,0,0,0,0,0,0,0,5,0,40,3,4,6,8,11,12,1,5,4,4,4,4,0,0,0,0,0,0,0,0,0,0,0,0,0,0,0,3,0,267,300,266,300,320,366,300,333,333,400,400,400,400,0,0,0,0,0,0,0,0,0,0,0,0,0,0,0,600,0
1707652,Figueirópolis,115-Figueirópolis,Outros,Menor impacto re,XIV,,<Null>,1980,1930,6084,5562,4820,4950,4883,AMSUL-Associação  dos Municipios do Sul,4º BPM - Gurupi,4º BPM,Gurupi,17005,5340,Gurupi,114,Região Metropolitana de Gurupi,1930.064,Sem Região,Área-Programa Sul,IX,feijao,0,0,0,0,0,0,20,55,18,0,22,0,0,0,0,25,0,0,0,0,0,0,200,80,80,40,0,120,0,0,20,20,25,20,30,40,35,5,20,0,0,0,0,0,0,0,0,0,0,0,0,0,0,0,0,0,0,0,0,0,3,6,7,6,10,14,10,2,6,0,0,0,0,0,0,0,0,0,0,0,0,0,0,0,0,0,0,0,0,0,150,300,280,300,333,350,285,400,300,0,0,0,0,0,0,0,0,0,0,0,0,0,0,0,0,0,0,0,0,0
1720937,Taipas do Tocantins,128-Taipas do Tocantins,Outros,Menor impacto re,XV,Sudeste,Regiao Sudeste,1993,1167,1722,1713,1916,1974,1999,Portal do Sudeste-Assoc. Municipios do Sudeste,2ª CIPM - Dianópolis,2ª CIPM,Dianópolis,17008,1945,Dianópolis,131,Região Sudeste,1116.195,Sem Região,Área-Programa Sudeste,X,feijao,0,0,0,0,30,0,30,0,0,0,0,0,0,0,0,0,0,0,0,0,0,0,0,0,0,0,0,0,0,0,170,180,185,150,150,40,65,0,0,0,0,0,0,0,0,0,0,0,0,0,0,0,0,0,0,0,0,0,0,0,33,70,80,40,75,12,20,0,0,0,0,0,0,0,0,0,0,0,0,0,0,0,0,0,0,0,0,0,0,0,194,388,432,266,500,300,307,0,0,0,0,0,0,0,0,0,0,0,0,0,0,0,0,0,0,0,0,0,0,0
1720853,Sucupira,121-Sucupira,Outros,Menor impacto re,XIV,,<Null>,1993,1026,1303,1476,1667,1718,1741,AMSUL-Associação  dos Municipios do Sul,4º BPM - Gurupi,4º BPM,Gurupi,17005,1734,Gurupi,112,Região Metropolitana de Gurupi,1025.515,Sem Região,Área-Programa Sul,IX,feijao,0,0,0,0,0,0,0,0,200,100,100,53,53,126,126,0,0,0,0,150,160,0,620,503,173,200,0,0,0,0,40,170,90,220,270,220,120,60,50,75,100,90,90,100,100,100,85,85,332,332,20,20,20,22,25,25,25,25,25,25,15,57,30,70,81,68,39,23,15,28,40,36,36,60,60,60,53,53,224,224,10,11,11,13,16,16,15,15,15,10,375,335,333,318,300,309,325,383,300,373,400,400,400,600,600,600,623,623,674,674,500,550,550,591,640,640,600,600,600,400
1705607,Conceição do Tocantins,134-Conceição do Tocantins,Outros,Menor impacto re,XVII,Sudeste,Regiao Sudeste,1963,2501,4393,4371,4402,4529,4541,Portal do Sudeste-Assoc. Municipios do Sudeste,2ª CIPM - Dianópolis,2ª CIPM,Dianópolis,17008,4182,Dianópolis,129,Região Sudeste,2500.733,Sem Região,Área-Programa Sudeste,X,feijao,75,85,90,50,20,0,20,44,0,0,0,0,0,0,0,0,0,0,0,0,0,0,0,0,0,0,0,0,0,0,290,300,309,200,210,30,130,0,0,0,0,0,0,0,0,0,0,0,0,0,0,0,0,0,0,0,0,0,0,0,110,130,149,100,105,9,41,0,0,0,0,0,0,0,0,0,0,0,0,0,0,0,0,0,0,0,0,0,0,0,379,433,482,500,500,300,315,0,0,0,0,0,0,0,0,0,0,0,0,0,0,0,0,0,0,0,0,0,0,0
1703867,Cariri do Tocantins,112-Cariri do Tocantins,Outros,Menor impacto re,XIV,,<Null>,1993,1129,2473,2990,3562,3672,3738,AMSUL-Associação  dos Municipios do Sul,4º BPM - Gurupi,4º BPM,Gurupi,17005,3753,Gurupi,111,Região Metropolitana de Gurupi,1128.596,Sem Região,Área-Programa Sul,IX,feijao,0,0,0,0,0,0,0,0,0,0,0,0,0,0,0,0,0,0,0,0,120,0,715,115,143,215,320,335,0,215,0,0,0,0,100,0,0,48,40,75,45,40,50,100,200,250,300,220,250,380,300,330,220,900,750,400,620,620,665,665,0,0,0,0,40,0,0,15,14,27,16,16,20,40,90,115,150,121,125,228,195,231,154,609,486,254,846,912,905,905,0,0,0,0,400,0,0,312,350,360,355,400,400,400,450,460,500,550,500,600,650,700,700,677,648,635,1365,1471,1361,1361
1708205,Formoso do Araguaia,116-Formoso do Araguaia,Javaés,Capital,XIV,,<Null>,1963,13423,18385,18817,18225,18743,18719,AMSUL-Associação  dos Municipios do Sul,4º BPM - Gurupi,4º BPM,Rio Formoso,17004,18251,Gurupi,104,Região Metropolitana de Gurupi,13423.256,Ilha do Bananal,Área-Programa  Sudoeste( Ilha do Bananal),VIII,feijao,0,0,0,0,70,0,0,8,0,0,136,0,0,0,0,0,0,270,280,50,160,0,0,0,1078,110,0,320,0,0,140,110,100,60,0,0,75,80,90,140,70,60,50,120,100,190,180,200,150,180,130,240,100,80,60,70,68,68,5,5,56,40,40,18,0,0,29,50,43,72,28,23,20,45,42,83,81,94,75,108,78,159,60,50,36,43,44,44,3,3,400,363,400,300,0,0,386,625,477,514,400,383,400,375,420,436,450,470,500,600,600,662,600,625,600,614,647,647,600,600
1716604,Peixe,119-Peixe,Outros,Menor impacto re,XIV,,<Null>,1895,5291,8740,8763,8750,9002,9018,AMSUL-Associação  dos Municipios do Sul,4º BPM - Gurupi,4º BPM,Gurupi,17005,10364,Gurupi,113,Região Metropolitana de Gurupi,5291.182,Ilha do Bananal,Área-Programa Sul,IX,feijao,0,0,0,0,0,0,0,2,0,0,0,0,0,0,0,0,0,0,0,0,140,390,425,150,0,253,100,1330,500,400,100,100,618,150,291,220,50,25,155,40,0,100,80,60,0,0,0,0,0,0,800,630,3200,2500,800,0,0,0,0,0,35,40,204,40,610,337,12,10,250,15,0,100,80,60,0,0,0,0,0,0,800,630,2880,2250,640,0,0,0,0,0,350,400,330,266,2096,1531,240,400,1612,375,0,1000,1000,1000,0,0,0,0,0,0,1000,1000,900,900,800,0,0,0,0,0
1709500,Gurupi,117-Gurupi,Outros,Capital,XIV,,<Null>,1958,1836,64725,65034,71413,73548,74357,,4º BPM - Gurupi,4º BPM,Gurupi,17005,76275,Gurupi,110,Região Metropolitana de Gurupi,1836.081,Ilha do Bananal,Área-Programa Sul,IX,feijao,0,0,0,0,0,0,0,51,0,0,0,0,0,0,105,0,0,0,0,0,0,0,0,0,277,90,266,31,0,0,200,250,150,100,130,80,40,84,70,60,70,60,70,100,100,110,200,200,180,200,170,160,100,90,0,0,0,0,0,0,18,50,40,25,115,20,10,32,50,21,25,21,21,30,30,50,90,92,81,84,102,80,80,72,0,0,0,0,0,0,90,200,266,250,884,250,250,380,714,350,357,350,300,300,300,454,450,460,450,420,600,500,800,800,0,0,0,0,0,0
1718006,Porto Alegre do Tocantins,126-Porto Alegre do Tocantins,Outros,Menor impacto re,XV,Sudeste,Regiao Sudeste,1988,502,2463,2393,2830,2917,2968,Portal do Sudeste-Assoc. Municipios do Sudeste,2ª CIPM - Dianópolis,2ª CIPM,Dianópolis,17008,2794,Dianópolis,126,Região Sudeste,501.97,Sem Região,Área-Programa Sudeste,X,feijao,100,100,100,60,102,100,50,53,0,0,0,0,0,0,0,0,0,0,0,25,0,0,0,0,0,0,0,0,0,0,50,30,60,65,50,60,65,100,60,60,60,0,100,100,80,70,70,195,80,70,150,150,160,150,100,1200,0,0,150,0,16,9,20,22,17,20,20,30,22,20,20,0,100,100,48,42,42,117,48,42,90,90,96,90,60,1800,0,0,135,0,320,300,333,338,340,333,307,300,366,333,333,0,1000,1000,600,600,600,600,600,600,600,600,600,600,600,1500,0,0,900,0
1720499,São Valério da Natividade,107-São Valério da Natividade,Outros,Menor impacto re,XIII,Sudeste,Regiao Sudeste,1980,2520,4807,5054,4885,5024,5017,,4º BPM - Gurupi,4º BPM,Dianópolis,17008,4383,Dianópolis,120,Região Sudeste,2519.572,Sem Região,Área-Programa Sudeste,X,feijao,60,30,0,0,0,0,0,3,0,0,0,0,0,0,0,0,0,50,40,44,80,70,10,20,18,19,90,180,80,0,70,220,120,250,180,220,150,55,30,65,50,45,50,90,100,100,70,70,62,62,20,20,20,35,32,35,20,22,15,28,22,66,30,75,54,68,46,27,9,25,19,18,20,54,60,60,44,44,36,36,10,11,11,21,20,22,13,14,10,11,314,300,250,300,300,309,306,490,300,384,380,400,400,600,600,600,628,628,580,580,500,550,550,600,625,629,650,636,667,393
1705102,Chapada da Natividade,103-Chapada da Natividade,Outros,Menor impacto re,XIII,Sudeste,Regiao Sudeste,1997,1671,0,3274,3680,3791,3840,Portal do Sudeste-Assoc. Municipios do Sudeste,2ª CIPM - Dianópolis,2ª CIPM,Dianópolis,17008,3276,Dianópolis,122,Região Sudeste,1671.256,Sem Região,Área-Programa Sudeste,X,feijao,0,0,0,0,0,0,0,0,0,0,0,0,0,0,0,0,0,0,0,0,0,0,0,0,0,0,0,0,0,0,0,0,0,0,0,0,0,0,0,0,0,0,0,0,0,0,0,0,0,0,0,0,0,0,0,0,0,0,3,3,0,0,0,0,0,0,0,0,0,0,0,0,0,0,0,0,0,0,0,0,0,0,0,0,0,0,0,0,2,2,0,0,0,0,0,0,0,0,0,0,0,0,0,0,0,0,0,0,0,0,0,0,0,0,0,0,0,0,667,667
1714203,Natividade,104-Natividade,Outros,Menor impacto re,XIII,Sudeste,Regiao Sudeste,1734,3216,11623,8867,9090,9355,9396,Portal do Sudeste-Assoc. Municipios do Sudeste,2ª CIPM - Dianópolis,2ª CIPM,Dianópolis,17008,9000,Dianópolis,124,Região Sudeste,3215.903,Serras Gerais,Área-Programa Sudeste,X,feijao,30,80,100,60,60,60,70,33,0,0,0,0,0,0,0,0,0,0,0,0,0,0,0,0,0,0,0,0,0,0,0,0,0,0,50,20,25,30,35,38,40,60,50,60,70,100,130,0,200,90,60,90,120,140,120,100,75,75,0,0,0,0,0,0,18,7,8,10,11,12,13,20,18,24,28,42,63,0,100,54,30,54,72,88,75,63,48,48,0,0,0,0,0,0,360,350,320,333,314,315,325,333,360,400,400,420,484,0,500,600,500,600,600,629,625,630,640,640,0,0
1718907,Santa Rosa do Tocantins,106-Santa Rosa do Tocantins,Outros,Menor impacto re,XIII,,Regiao Sudeste,1988,1796,3764,4316,4417,4545,4565,,5º BPM - Porto Nacional,5º BPM,Dianópolis,17008,4568,Dianópolis,121,Região Metropolitana de Palmas,1796.248,Sem Região,Área-Programa Sudeste,X,feijao,18,30,20,25,25,30,35,0,30,30,0,0,0,0,0,0,0,0,0,0,0,0,0,0,0,0,0,0,170,172,0,0,0,0,0,0,0,0,0,0,0,0,0,0,0,0,0,0,0,0,0,0,0,0,0,0,0,0,0,0,0,0,0,0,0,0,0,0,0,0,0,0,0,0,0,0,0,0,0,0,0,0,0,0,0,0,0,0,0,0,0,0,0,0,0,0,0,0,0,0,0,0,0,0,0,0,0,0,0,0,0,0,0,0,0,0,0,0,0,0
1700350,Aliança do Tocantins,109-Aliança do Tocantins,Outros,Menor impacto re,XIV,,<Null>,1988,1580,7201,6177,5701,5860,5822,OMCO-Organização Municipios do Centro Oeste,4º BPM - Gurupi,4º BPM,Gurupi,17005,5651,Gurupi,109,Região Metropolitana de Gurupi,1579.742,Sem Região,Área-Programa Sul,IX,feijao,0,0,0,0,0,0,0,13,0,10,0,0,0,0,0,0,0,0,0,0,0,0,0,0,400,60,0,10,0,0,0,0,0,0,0,0,0,0,15,40,30,50,45,60,45,60,60,60,110,110,15,8,8,15,12,0,0,0,12,12,0,0,0,0,0,0,0,0,4,14,12,20,18,36,27,36,36,36,55,55,8,4,4,9,8,0,0,0,8,8,0,0,0,0,0,0,0,0,266,350,400,400,400,600,600,600,600,600,500,500,533,500,500,600,667,0,0,0,667,667
1706258,Crixás do Tocantins,113-Crixás do Tocantins,Outros,Menor impacto re,XIV,,<Null>,1997,987,0,1384,1264,1299,1289,OMCO-Organização Municipios do Centro Oeste,4º BPM - Gurupi,4º BPM,Gurupi,17005,1566,Gurupi,108,Região Metropolitana de Gurupi,986.689,Sem Região,Área-Programa Sul,IX,feijao,0,0,0,0,0,0,0,0,0,0,0,0,0,0,0,0,0,0,0,0,270,300,500,500,130,0,0,0,0,0,40,10,40,0,0,0,0,9,0,0,0,0,0,0,0,0,0,0,0,0,0,600,600,600,0,0,0,50,15,15,8,3,12,0,0,0,0,3,0,0,0,0,0,0,0,0,0,0,0,0,0,900,960,996,0,0,0,33,14,14,200,300,300,0,0,0,0,333,0,0,0,0,0,0,0,0,0,0,0,0,0,1500,1600,1660,0,0,0,660,933,933
1707306,Dueré,114-Dueré,Javaés,Menor impacto re,XIV,,<Null>,1958,3425,4190,4565,4489,4617,4618,AMSUL-Associação  dos Municipios do Sul,4º BPM - Gurupi,4º BPM,Rio Formoso,17004,4588,Gurupi,105,Região Metropolitana de Gurupi,3424.836,Sem Região,Área-Programa  Sudoeste( Ilha do Bananal),VIII,feijao,2,0,0,0,1000,0,0,5,0,0,0,0,0,0,0,0,0,0,0,300,1000,2570,2360,3700,3700,880,2600,2750,2400,2500,170,150,120,90,100,90,100,431,0,0,0,0,0,0,0,0,0,0,0,0,0,0,0,0,50,60,0,65,68,50,51,46,36,27,30,27,36,167,0,0,0,0,0,0,0,0,0,0,0,0,0,0,0,0,30,36,0,39,54,30,300,306,300,300,300,300,360,387,0,0,0,0,0,0,0,0,0,0,0,0,0,0,0,0,600,600,0,600,794,600
1700400,Almas,123-Almas,Outros,Menor impacto re,XV,Sudeste,Regiao Sudeste,1958,4021,7747,8474,7488,7692,7605,Portal do Sudeste-Assoc. Municipios do Sudeste,2ª CIPM - Dianópolis,2ª CIPM,Dianópolis,17008,7540,Dianópolis,125,Região Sudeste,4021.111,Serras Gerais,Área-Programa Sudeste,X,feijao,150,160,165,120,220,220,220,153,0,0,150,0,0,0,0,0,0,0,0,0,0,0,0,0,0,0,0,0,0,0,0,0,0,0,0,0,0,13,0,10,0,0,0,0,0,0,0,0,0,0,0,0,0,0,400,0,0,10,0,0,0,0,0,0,0,0,0,3,0,4,0,0,0,0,0,0,0,0,0,0,0,0,0,0,260,0,0,7,0,0,0,0,0,0,0,0,0,230,0,400,0,0,0,0,0,0,0,0,0,0,0,0,0,0,650,0,0,700,0,0
1717008,Pindorama do Tocantins,105-Pindorama do Tocantins,Outros,Menor impacto re,XIII,Sudeste,Regiao Sudeste,1963,1559,4716,4685,4397,4521,4500,Portal do Sudeste-Assoc. Municipios do Sudeste,5º BPM - Porto Nacional,5º BPM,Dianópolis,17008,4506,Dianópolis,123,Região Sudeste,1559.08,Sem Região,Área-Programa Sudeste,X,feijao,120,170,185,190,160,180,160,15,60,0,50,0,0,0,0,0,0,0,0,0,0,0,0,0,0,0,0,0,0,0,200,100,80,40,120,150,90,106,120,120,150,150,200,200,250,300,250,210,200,210,180,170,140,100,110,20,60,60,10,10,24,25,20,10,30,40,22,44,30,48,33,33,50,50,50,135,110,84,76,78,90,85,70,60,66,10,36,36,6,6,120,250,250,250,250,266,244,415,250,400,220,220,250,250,200,450,440,400,380,371,500,500,500,600,600,500,600,600,600,600
1709807,Ipueiras,66-Ipueiras do Tocantins,Outros,Menor impacto re,IX,,,,815,0,1166,1698,1754,1813,OMCO-Organização Municipios do Centro Oeste,5º BPM - Porto Nacional,5º BPM,Porto Nacional,17006,1639,Palmas,92,Região Metropolitana de Palmas,815.25,Serras e Lago,Área-Programa Central,VI,feijao,0,0,0,0,0,0,0,0,0,0,0,0,0,0,0,0,0,0,0,500,18,20,20,25,15,0,0,0,0,0,0,0,0,0,0,0,0,51,0,0,0,0,0,0,105,0,0,0,0,0,0,0,0,0,277,90,266,31,0,0,0,0,0,0,0,0,0,17,0,0,0,0,0,0,260,0,0,0,0,0,0,0,0,0,272,117,189,22,0,0,0,0,0,0,0,0,0,333,0,0,0,0,0,0,2476,0,0,0,0,0,0,0,0,0,982,1300,711,710,0,0
1720655,Silvanópolis,108-Silvanópolis,Outros,Menor impacto re,XIII,,<Null>,1988,1259,4974,4725,5098,5250,5299,,5º BPM - Porto Nacional,5º BPM,Porto Nacional,17006,5071,Dianópolis,93,Região Metropolitana de Palmas,1258.824,Sem Região,Área-Programa Central,VI,feijao,50,0,100,100,110,100,90,0,0,0,0,0,0,0,0,0,0,0,0,0,110,100,250,250,0,0,0,500,0,1756,60,30,0,0,0,0,0,3,0,0,0,0,0,0,0,0,0,50,40,44,80,70,10,20,18,19,90,180,80,0,20,12,0,0,0,0,0,1,0,0,0,0,0,0,0,0,0,30,22,26,48,43,6,12,11,11,55,104,62,0,333,400,0,0,0,0,0,333,0,0,0,0,0,0,0,0,0,600,550,590,600,614,600,600,611,579,611,578,775,0
1703701,Brejinho de Nazaré,64-Brejinho de Nazaré,Outros,Menor impacto re,IX,,<Null>,1958,1724,5932,4877,5295,5452,5506,OMCO-Organização Municipios do Centro Oeste,5º BPM - Porto Nacional,5º BPM,Gurupi,17005,5181,Palmas,90,Região Metropolitana de Palmas,1724.441,Serras e Lago,Área-Programa Central,VI,feijao,250,0,100,120,100,144,130,0,0,200,50,0,0,0,0,0,0,0,0,0,0,0,280,500,500,0,0,200,0,0,0,0,0,0,50,50,50,50,50,50,50,40,50,50,60,100,200,250,200,210,200,190,160,160,160,20,80,50,10,10,0,0,0,0,10,10,10,10,10,10,10,8,10,10,15,40,82,107,88,84,120,114,96,96,96,10,48,30,4,6,0,0,0,0,200,200,200,200,200,200,200,200,200,200,250,400,410,428,440,400,600,600,600,600,600,500,600,600,400,600
1718899,Santa Rita do Tocantins,94-Santa Rita Tocantins,Javaés,Menor impacto re,XI,,<Null>,1997,3275,0,1852,2260,2330,2377,OMCO-Organização Municipios do Centro Oeste,8º BPM - Paraíso,8º BPM,Gurupi,17005,2124,Paraíso do Tocantins,89,Região Metropolitana de Gurupi,3274.93,Sem Região,Área-Programa Central,VI,feijao,0,0,0,0,0,0,0,0,0,0,0,0,0,0,0,0,0,0,0,0,0,0,0,0,0,0,0,0,0,0,0,0,0,0,0,20,15,20,20,20,30,40,50,60,70,100,120,160,150,150,375,400,250,270,0,0,0,0,0,0,0,0,0,0,0,4,3,5,5,5,6,8,10,12,14,40,51,72,60,60,338,328,205,235,0,0,0,0,0,0,0,0,0,0,0,200,200,250,250,250,200,200,200,200,200,400,425,450,400,400,901,820,820,870,0,0,0,0,0,0
1707553,Fátima,65-Fátima,Outros,Menor impacto re,IX,,<Null>,1983,383,4219,3848,3984,4101,4123,OMCO-Organização Municipios do Centro Oeste,8º BPM - Paraíso,8º BPM,Rio Formoso,17004,3805,Palmas,88,Região Metropolitana de Palmas,382.908,Sem Região,Área-Programa Central,VI,feijao,50,20,25,20,30,40,35,5,20,0,0,0,0,0,0,0,0,0,0,0,0,0,0,0,0,0,0,0,0,0,0,0,0,0,180,190,170,40,50,70,80,185,155,220,200,220,170,170,240,240,90,90,90,80,65,100,110,110,110,100,0,0,0,0,54,60,52,13,16,28,32,74,62,132,120,132,102,102,144,144,50,55,55,48,41,63,69,69,69,38,0,0,0,0,300,315,305,325,320,400,400,400,400,600,600,600,600,600,600,600,555,611,611,600,631,630,627,627,627,380
1715507,Oliveira de Fátima,70-Oliveira de Fátima,Outros,Menor impacto re,IX,,<Null>,1997,206,0,958,1081,1114,1129,OMCO-Organização Municipios do Centro Oeste,8º BPM - Paraíso,8º BPM,Rio Formoso,17004,1035,Palmas,87,Região Metropolitana de Palmas,205.849,Sem Região,Área-Programa Central,VI,feijao,0,0,0,0,0,0,0,0,0,20,80,0,0,0,0,0,0,0,0,0,0,0,0,0,0,0,0,0,0,0,0,0,0,0,30,0,30,4,0,0,0,0,0,0,0,0,0,0,0,0,0,0,0,0,0,0,0,0,0,0,0,0,0,0,15,0,10,2,0,0,0,0,0,0,0,0,0,0,0,0,0,0,0,0,0,0,0,0,0,0,0,0,0,0,500,0,333,500,0,0,0,0,0,0,0,0,0,0,0,0,0,0,0,0,0,0,0,0,0,0
1711902,Lagoa da Confusão,87-Lagoa da Confusão,Javaés,Menor impacto re,XI,,<Null>,1993,10565,4956,6168,8220,8481,8711,OMCO-Organização Municipios do Centro Oeste,8º BPM - Paraíso,8º BPM,Rio Formoso,17004,9971,Paraíso do Tocantins,102,Região Metropolitana de Gurupi,10564.512,Ilha do Bananal,Área-Programa  Sudoeste( Ilha do Bananal),VIII,feijao,0,0,0,0,0,0,0,6,5,510,100,15,300,110,7000,700,3400,3000,2000,4000,6200,7800,7800,10000,4800,4900,500,3360,6969,8000,0,0,0,0,40,60,50,40,60,50,80,70,80,100,100,80,90,80,70,80,70,70,60,60,60,10,50,50,20,20,0,0,0,0,10,15,12,10,15,10,10,9,16,20,20,32,38,34,32,36,35,35,36,36,36,6,30,30,12,12,0,0,0,0,250,250,240,250,250,200,125,128,200,200,200,400,422,425,457,450,500,500,600,600,600,600,600,600,600,600
1706100,Cristalândia,85-Cristalândia,Javaés,Menor impacto re,XI,,<Null>,1953,1848,8670,7318,6520,6698,6628,OMCO-Organização Municipios do Centro Oeste,8º BPM - Paraíso,8º BPM,Rio Formoso,17004,7165,Paraíso do Tocantins,103,Região Metropolitana de Gurupi,1848.231,Sem Região,Área-Programa  Sudoeste( Ilha do Bananal),VIII,feijao,70,50,40,0,0,0,0,9,0,0,0,0,0,0,0,0,0,0,0,0,0,600,600,600,0,0,0,50,15,15,230,350,150,50,50,70,40,11,60,60,70,60,80,100,110,100,90,100,85,100,90,90,75,70,70,25,30,10,10,10,21,70,40,10,10,17,10,3,15,16,15,13,20,25,28,35,33,38,34,38,45,45,38,42,42,15,18,6,6,6,91,200,266,200,200,242,250,272,250,266,214,216,250,250,254,350,366,380,400,380,500,500,507,600,600,600,600,600,600,600
1715002,Nova Rosalândia,90-Nova Rosalândia,Outros,Menor impacto re,XI,,<Null>,1988,489,3591,3190,3772,3888,3956,OMCO-Organização Municipios do Centro Oeste,8º BPM - Paraíso,8º BPM,Rio Formoso,17004,3770,Paraíso do Tocantins,79,Região Metropolitana de Gurupi,488.636,Sem Região,Área-Programa Centro-Oeste,V,feijao,0,30,20,20,15,20,25,3,25,0,50,0,0,20,15,10,10,0,0,0,0,0,0,0,0,0,0,0,283,282,500,500,50,100,100,100,100,100,100,100,100,85,100,100,100,110,220,250,230,200,170,160,130,120,130,25,100,100,70,50,100,100,10,20,20,20,20,20,20,20,20,17,25,25,25,44,88,105,92,78,85,88,78,72,78,15,60,60,42,30,200,200,200,200,200,200,200,200,200,200,200,200,250,250,250,400,400,420,400,390,500,550,600,600,600,600,600,600,600,600
1717909,Ponte Alta do Tocantins,99-Ponte Alta do Tocantins,Outros,Menor impacto re,XII,Jalapão,Regiao Jalapao_Sede,1958,6491,6579,6172,6569,6763,6818,Portal do Sudeste-Assoc. Municipios do Sudeste,5º BPM - Porto Nacional,5º BPM,Jalapão,17007,7180,Ponte Alta do Tocantins,100,Região do Jalapão,6491.089,Encantos do Jalapão,Área-Programa leste( Jalapão),VII,feijao,100,80,60,65,50,60,65,100,60,60,60,0,100,100,80,70,70,195,80,70,150,150,160,150,100,1200,0,0,150,0,150,130,134,80,50,10,50,8,0,0,0,0,0,0,0,0,0,0,0,0,0,0,0,0,0,0,0,0,0,0,29,60,69,40,25,3,16,2,0,0,0,0,0,0,0,0,0,0,0,0,0,0,0,0,0,0,0,0,0,0,193,461,514,500,500,300,320,250,0,0,0,0,0,0,0,0,0,0,0,0,0,0,0,0,0,0,0,0,0,0
1718451,Pugmil,93-Pugmil,Outros,Menor impacto re,XI,,<Null>,1997,402,0,1989,2165,2230,2252,OMCO-Organização Municipios do Centro Oeste,8º BPM - Paraíso,8º BPM,Rio Formoso,17004,2365,Paraíso do Tocantins,78,Região Metropolitana de Palmas,401.689,Sem Região,Área-Programa Centro-Oeste,V,feijao,0,0,0,0,0,0,0,0,15,25,20,0,0,0,0,0,0,0,0,0,0,0,0,0,0,0,0,0,10,10,280,200,206,250,150,250,200,50,200,50,60,50,60,60,65,90,200,220,220,250,200,210,170,250,280,10,50,50,20,20,25,60,69,50,30,50,40,10,40,12,12,11,15,15,20,30,70,80,80,90,120,126,102,140,168,6,30,30,12,12,89,300,334,200,200,200,200,200,200,240,200,220,250,250,307,333,350,363,363,360,600,600,600,560,600,600,600,600,600,600
1713601,Monte do Carmo,69-Monte do Carmo,Outros,Menor impacto re,IX,,<Null>,1963,3617,5979,5193,6387,6586,6723,,5º BPM - Porto Nacional,5º BPM,Porto Nacional,17006,6708,Palmas,91,Região Metropolitana de Palmas,3616.655,Serras e Lago,Área-Programa Central,VI,feijao,200,300,206,180,172,180,170,8,50,50,50,0,0,0,0,0,0,0,0,0,0,0,0,0,0,0,0,0,0,0,80,80,70,50,50,60,60,128,0,60,50,40,20,30,30,20,0,0,0,10,10,20,30,45,0,0,0,0,0,0,22,26,21,150,15,18,21,49,0,24,20,16,8,12,12,8,0,0,0,5,6,12,19,31,0,0,0,0,0,0,275,325,300,3000,300,300,350,382,0,400,400,400,400,400,400,400,0,0,0,500,600,600,633,689,0,0,0,0,0,0
1719004,Santa Tereza do Tocantins,101-Santa Tereza do Tocantins,Outros,Menor impacto re,XII,Jalapão,Regiao Jalapao,1988,540,2155,2114,2297,2366,2390,,6º BPM - Palmas - Região Sul (Taquaralto),6º BPM,Jalapão,17007,2523,Ponte Alta do Tocantins,98,Região do Jalapão,539.908,Sem Região,Área-Programa leste( Jalapão),VII,feijao,0,50,0,0,0,0,0,5,0,0,0,0,0,0,0,0,0,0,0,0,0,0,0,0,0,0,0,0,0,0,18,20,20,25,25,30,35,0,30,30,0,0,0,0,0,0,0,0,0,0,0,0,0,0,0,0,0,0,170,172,2,5,8,10,10,12,12,0,11,11,0,0,0,0,0,0,0,0,0,0,0,0,0,0,0,0,0,0,172,123,111,250,400,400,400,400,342,0,366,366,0,0,0,0,0,0,0,0,0,0,0,0,0,0,0,0,0,0,1012,715
1711951,Lagoa do Tocantins,95-Lagoa do Tocantins,Outros,Menor impacto re,XII,Jalapão,Regiao Jalapao,1993,911,2618,2530,3179,3278,3352,,6º BPM - Palmas - Região Sul (Taquaralto),6º BPM,Jalapão,17007,3525,Ponte Alta do Tocantins,99,Região do Jalapão,911.336,Sem Região,Área-Programa leste( Jalapão),VII,feijao,0,0,0,0,0,0,0,9,0,0,0,0,0,0,0,145,140,140,130,130,140,140,150,140,100,0,0,0,0,38,0,0,0,0,0,0,0,6,5,510,100,15,300,110,7000,700,3400,3000,2000,4000,6200,7800,7800,10000,4800,4900,500,3360,6969,8000,0,0,0,0,0,0,0,2,6,714,216,18,450,165,14700,1260,6800,5940,3000,6400,11160,16150,15600,14000,5760,5150,500,3480,4344,9800,0,0,0,0,0,0,0,333,1200,1400,2160,1200,1500,1500,2100,1800,2000,1980,1500,1600,1800,2070,2000,1400,1200,1051,1000,1036,623,1225
1716109,Paraíso do Tocantins,91-Paraíso do Tocantins,Outros,Capital,XI,,<Null>,1963,1297,34251,36130,40290,41500,42015,,8º BPM - Paraíso,8º BPM,Rio Formoso,17004,44081,Paraíso do Tocantins,77,Região Metropolitana de Palmas,1297.018,Serras e Lago,Área-Programa Centro-Oeste,V,feijao,150,20,15,20,25,30,40,3,15,10,10,10,10,0,0,0,0,0,0,0,0,0,0,0,0,0,0,0,5,0,30,50,40,0,130,0,10,20,0,0,0,10,0,0,40,25,20,18,25,30,50,60,0,0,0,0,0,0,0,0,9,15,12,0,117,0,6,12,0,0,0,6,0,0,23,15,11,9,13,19,32,39,0,0,0,0,0,0,0,0,300,300,300,0,900,0,600,600,0,0,0,600,0,0,575,600,550,500,520,633,640,650,0,0,0,0,0,0,0,0
1718204,Porto Nacional,72-Porto Nacional,Outros,Capital,IX,,<Null>,1861,4450,43365,44991,45289,46598,46722,,5º BPM - Porto Nacional,5º BPM,Porto Nacional,17006,49012,Palmas,86,Região Metropolitana de Palmas,4449.892,Serras e Lago,Área-Programa Central,VI,feijao,150,220,80,220,192,228,269,100,50,41,190,0,15,80,210,50,50,200,2000,0,770,1580,285,595,85,0,0,0,116,120,100,100,100,60,102,60,50,53,0,0,0,0,0,0,0,0,0,0,0,25,0,0,0,0,0,0,0,0,0,0,20,45,45,30,120,93,16,27,0,0,0,0,0,0,0,0,0,0,0,15,0,0,0,0,0,0,0,0,0,0,200,450,450,500,1176,1550,320,509,0,0,0,0,0,0,0,0,0,0,0,600,0,0,0,0,0,0,0,0,0,0
1704600,Chapada de Areia,84-Chapada de Areia,Javaés,Menor impacto re,XI,,<Null>,1997,659,0,1270,1239,1274,1273,MESOESTE-Associação Municipios do Meio Oeste,8º BPM - Paraíso,8º BPM,Rio Formoso,17004,1335,Paraíso do Tocantins,74,Região do Cantão,659.244,Sem Região,Área-Programa Centro-Oeste,V,feijao,0,0,0,0,0,0,0,0,0,0,0,0,0,0,0,0,0,0,0,0,0,0,0,0,0,0,0,0,3,3,0,0,0,0,0,50,50,50,50,50,55,50,60,60,65,100,200,250,220,250,200,200,50,40,0,0,0,0,0,0,0,0,0,0,0,10,10,10,10,10,11,10,15,15,17,40,77,100,88,95,100,90,40,24,0,0,0,0,0,0,0,0,0,0,0,200,200,200,200,200,200,200,250,250,261,400,385,400,400,380,500,450,800,600,0,0,0,0,0,0
1721000,Palmas,71-Palmas,Outros,Capital,IX,,<Null>,1989,2219,86116,137355,178386,184010,188645,,1º BPM - Palmas - Região Norte e Central,1º BPM,Porto Nacional,17006,223817,Palmas,85,Região Metropolitana de Palmas,2218.934,Serras e Lago,Área-Programa Central,VI,feijao,100,80,70,80,60,53,320,17,30,350,60,90,160,190,450,450,400,150,130,450,600,500,410,560,430,80,144,145,41,91,0,0,0,0,0,0,0,0,0,0,0,0,0,0,0,0,0,0,0,0,0,10,0,0,0,0,0,0,0,0,0,0,0,0,0,0,0,0,0,0,0,0,0,0,0,0,0,0,0,0,0,6,0,0,0,0,0,0,0,0,0,0,0,0,0,0,0,0,0,0,0,0,0,0,0,0,0,0,0,0,0,600,0,0,0,0,0,0,0,0
1715101,Novo Acordo,98-Novo Acordo,Outros,Menor impacto re,XII,Jalapão,Regiao Jalapao,1958,2675,2963,3057,3754,3870,3950,,6º BPM - Palmas - Região Sul (Taquaralto),6º BPM,Jalapão,17007,3762,Ponte Alta do Tocantins,96,Região do Jalapão,2671.882,Encantos do Jalapão,Área-Programa leste( Jalapão),VII,feijao,10,10,5,5,0,0,0,10,0,0,20,20,20,20,20,15,15,15,15,20,20,20,20,30,25,0,0,0,0,9,0,10,20,20,15,20,25,3,25,0,50,0,0,20,15,10,10,0,0,0,0,0,0,0,0,0,0,0,283,282,0,3,6,6,5,8,9,1,9,0,15,0,0,6,6,4,4,0,0,0,0,0,0,0,0,0,0,0,253,253,0,300,300,300,333,400,360,333,360,0,300,0,0,300,400,400,400,0,0,0,0,0,0,0,0,0,0,0,894,897
1720150,São Félix do Tocantins,102-São Félix do Tocantins,Outros,Menor impacto re,XII,Jalapão,Regiao Jalapao,1993,1909,1155,1269,1409,1451,1468,,6ª CIPM - Miracema do Tocantins,6ª CIPM,Jalapão,17007,1445,Ponte Alta do Tocantins,97,Região do Jalapão,1908.669,Encantos do Jalapão,Área-Programa leste( Jalapão),VII,feijao,0,0,0,0,0,0,0,45,0,0,20,20,20,20,20,15,15,15,15,15,15,15,20,15,20,0,0,0,0,0,0,0,0,0,170,180,155,15,40,70,80,80,80,100,100,100,100,100,240,240,15,15,15,28,51,0,0,0,45,45,0,0,0,0,51,58,48,6,12,28,32,37,32,60,60,60,55,55,144,144,6,10,10,17,25,0,0,0,21,21,0,0,0,0,300,322,309,400,300,400,400,462,400,600,600,600,550,550,600,600,400,666,667,607,490,0,0,0,467,467
1713700,Monte Santo do Tocantins,89-Monte Santo,Outros,Menor impacto re,XI,,<Null>,1997,1092,0,1869,1858,1911,1914,MESOESTE-Associação Municipios do Meio Oeste,8º BPM - Paraíso,8º BPM,Miracema do Tocantins,17003,2085,Paraíso do Tocantins,75,Região do Cantão,1091.548,Sem Região,Área-Programa Centro-Oeste,V,feijao,0,0,0,0,0,0,0,0,0,0,0,0,0,0,0,0,0,0,0,0,0,0,0,0,0,0,0,0,0,0,40,300,206,180,172,180,170,8,50,50,50,0,0,0,0,0,0,0,0,0,0,0,0,0,0,0,0,0,0,0,14,120,92,70,84,72,59,3,17,17,17,0,0,0,0,0,0,0,0,0,0,0,0,0,0,0,0,0,0,0,350,400,446,388,488,400,347,375,340,340,340,0,0,0,0,0,0,0,0,0,0,0,0,0,0,0,0,0,0,0
1701101,Aparecida do Rio Negro,63-Aparecida do Rio Negro,Outros,Menor impacto re,IX,,<Null>,1987,1160,3646,3517,4018,4140,4200,,6º BPM - Palmas - Região Sul (Taquaralto),6º BPM,Porto Nacional,17006,4207,Palmas,84,Região Metropolitana de Palmas,1160.363,Sem Região,Área-Programa Central,VI,feijao,0,50,40,30,30,30,30,45,0,0,0,0,0,80,30,25,20,20,20,15,15,15,20,30,25,0,0,0,0,0,0,0,0,0,140,180,165,40,60,45,30,20,50,40,50,130,220,190,160,100,90,100,100,105,95,0,0,0,45,45,0,0,0,0,42,58,51,7,18,11,6,4,15,14,20,54,96,81,64,40,54,64,67,63,63,0,0,0,33,33,0,0,0,0,300,322,309,175,300,244,200,200,300,350,400,415,436,426,400,400,600,640,670,600,663,0,0,0,733,733
1703107,Barrolândia,82-Barrolândia,Outros,Menor impacto re,XI,,<Null>,1988,713,5477,5082,5155,5304,5322,,8º BPM - Paraíso,8º BPM,Miracema do Tocantins,17003,5317,Paraíso do Tocantins,76,Região Metropolitana de Palmas,713.297,Sem Região,Área-Programa Centro-Oeste,V,feijao,40,40,30,30,40,40,50,42,0,20,20,0,0,0,0,0,0,0,0,0,0,0,0,0,0,0,0,0,0,0,0,0,0,0,0,0,0,0,38,45,55,50,40,50,70,100,160,180,140,190,180,200,100,140,120,105,110,100,50,50,0,0,0,0,0,0,0,0,15,13,17,15,12,20,30,45,72,81,70,114,108,140,60,86,66,63,66,63,30,30,0,0,0,0,0,0,0,0,394,288,309,300,300,400,428,450,450,450,500,600,600,700,600,614,550,600,600,630,600,600
1712009,Lajeado,67-Lajeado,Outros,Menor impacto re,IX,,<Null>,1993,322,1397,2344,2159,2219,2204,,6ª CIPM - Miracema do Tocantins,6ª CIPM,Porto Nacional,17006,2773,Palmas,83,Região Metropolitana de Palmas,322.481,Serras e Lago,Área-Programa Central,VI,feijao,0,0,0,0,0,0,0,27,0,0,0,0,0,0,0,0,0,0,0,5,0,0,0,0,0,0,0,0,0,0,0,0,0,0,0,0,0,9,0,0,0,0,0,0,0,145,140,140,130,130,140,140,150,140,100,0,0,0,0,38,0,0,0,0,0,0,0,3,0,0,0,0,0,0,0,87,84,84,78,78,84,84,90,84,63,0,0,0,0,25,0,0,0,0,0,0,0,333,0,0,0,0,0,0,0,600,600,600,600,600,600,600,600,600,630,0,0,0,0,658
1712504,Marianópolis do Tocantins,88-Marianópolis do Tocantins,Outros,Menor impacto re,XI,,<Null>,1987,2091,2605,3332,4473,4616,4743,MESOESTE-Associação Municipios do Meio Oeste,8º BPM - Paraíso,8º BPM,Miracema do Tocantins,17003,4352,Paraíso do Tocantins,72,Região do Cantão,2091.364,Sem Região,Área-Programa Centro-Oeste,V,feijao,25,20,10,0,0,0,0,0,0,0,0,0,0,0,0,0,0,0,0,0,0,0,0,0,0,0,0,10,60,60,0,0,0,0,0,0,0,0,15,20,25,25,25,40,40,50,45,45,55,55,16,16,16,22,68,0,0,0,60,60,0,0,0,0,0,0,0,0,4,6,10,10,10,20,20,25,24,24,33,33,6,10,10,14,42,0,0,0,37,37,0,0,0,0,0,0,0,0,266,300,400,400,400,500,500,500,533,533,600,600,375,625,625,636,618,0,0,0,617,617
1713205,Miracema do Tocantins,68-Miracema do Tocantins,Outros,Capital,IX,,<Null>,1948,2656,17483,24444,19683,20194,19740,,6ª CIPM - Miracema do Tocantins,6ª CIPM,Miracema do Tocantins,17003,20567,Palmas,81,Região Metropolitana de Palmas,2656.078,Sem Região,Área-Programa Central,VI,feijao,90,70,50,80,130,100,140,54,20,80,50,40,30,20,20,20,20,20,0,50,50,40,30,35,0,0,0,0,0,0,0,0,0,0,90,100,80,46,70,40,40,25,35,50,50,60,75,75,140,140,19,19,19,30,23,0,13,13,13,59,0,0,0,0,27,30,24,13,22,14,16,10,14,25,25,36,45,72,84,184,10,11,12,18,16,0,9,9,9,38,0,0,0,0,300,300,300,282,314,350,400,400,400,500,500,600,600,960,600,1314,526,578,632,600,696,0,692,692,692,644
1707108,Divinópolis do Tocantins,86-Divinópolis do Tocantins,Outros,Menor impacto re,XI,,<Null>,1987,2347,6476,5776,6359,6549,6623,MESOESTE-Associação Municipios do Meio Oeste,8º BPM - Paraíso,8º BPM,Miracema do Tocantins,17003,6363,Paraíso do Tocantins,73,Região do Cantão,2347.421,Sem Região,Área-Programa Centro-Oeste,V,feijao,25,20,20,10,10,10,0,0,0,0,0,0,0,0,0,0,0,0,0,0,0,0,0,0,0,0,0,30,50,50,230,200,187,140,120,20,90,93,0,0,0,0,0,0,0,0,0,0,0,0,0,700,0,0,0,0,0,0,0,0,42,80,80,70,60,6,27,21,0,0,0,0,0,0,0,0,0,0,0,0,0,630,0,0,0,0,0,0,0,0,183,400,427,500,500,300,300,225,0,0,0,0,0,0,0,0,0,0,0,0,0,900,0,0,0,0,0,0,0,0
1721109,Tocantínia,73-Tocantínia,Outros,Menor impacto re,IX,,<Null>,1953,2602,5169,5788,6663,6866,6971,,6ª CIPM - Miracema do Tocantins,6ª CIPM,Porto Nacional,17006,6598,Palmas,82,Região Metropolitana de Palmas,2601.587,Sem Região,Área-Programa Central,VI,feijao,35,65,35,0,0,0,0,14,0,0,0,0,0,0,0,0,0,0,0,0,0,0,0,0,0,0,0,0,0,20,20,80,70,80,60,53,320,17,30,350,60,90,160,190,450,450,400,150,130,450,600,500,410,560,430,80,144,145,41,91,5,20,20,20,15,16,110,10,9,98,21,30,104,152,450,450,450,270,234,810,1134,894,700,1074,531,192,91,89,23,54,250,250,285,250,250,301,343,588,300,280,350,333,650,800,1000,1000,1125,1800,1800,1800,1890,1788,1707,1918,1235,2400,632,614,561,593
1718758,Rio Sono,100-Rio Sono,Outros,Menor impacto re,XII,Jalapão,Regiao Jalapao,1982,6357,6531,6089,6167,6345,6366,,3º BPM - Pedro Afonso,3º BPM,Jalapão,17007,6148,Ponte Alta do Tocantins,94,Região do Jalapão,6357.117,Sem Região,Área-Programa leste( Jalapão),VII,feijao,5,5,5,0,0,0,0,35,0,100,0,0,0,0,0,0,0,0,0,0,0,0,0,0,0,0,0,0,0,0,0,0,0,0,0,0,0,0,0,20,10,0,0,0,0,0,0,0,0,35,30,30,30,25,0,0,0,0,0,0,0,0,0,0,0,0,0,0,0,6,3,0,0,0,0,0,0,0,0,14,18,18,18,15,0,0,0,0,0,0,0,0,0,0,0,0,0,0,0,300,300,0,0,0,0,0,0,0,0,400,600,600,600,600,0,0,0,0,0,0
1717503,Pium,92-Pium,Javaés,Menor impacto re,XI,,<Null>,1953,10013,6733,5540,6403,6598,6701,MESOESTE-Associação Municipios do Meio Oeste,8º BPM - Paraíso,8º BPM,Rio Formoso,17004,6584,Paraíso do Tocantins,71,Região do Cantão,10012.666,Lagos e Praias do Cantão,Área-Programa Centro-Oeste,V,feijao,0,0,0,0,0,0,0,9,0,0,0,0,0,0,0,0,0,0,0,0,600,520,520,1000,0,0,0,2610,3335,700,0,0,0,0,0,0,0,0,0,0,20,30,70,80,100,120,240,205,200,140,130,140,140,130,110,125,130,130,33,33,0,0,0,0,0,0,0,0,0,0,6,9,24,27,40,54,109,96,96,70,75,92,92,85,70,82,86,86,24,23,0,0,0,0,0,0,0,0,0,0,300,300,342,337,400,450,454,468,480,500,576,657,657,654,636,656,662,662,727,697
1713304,Miranorte,60-Miranorte,Outros,Menor impacto re,VIII,,<Null>,1963,1032,10774,11802,11858,12200,12231,,6ª CIPM - Miracema do Tocantins,6ª CIPM,Miracema do Tocantins,17003,12583,Guaraí,70,Região Metropolitana de Palmas,1031.616,Sem Região,Área-Programa Centro-Oeste,V,feijao,80,80,70,50,50,60,60,128,0,60,50,40,20,30,30,20,0,0,0,10,10,20,30,45,0,0,0,0,0,0,90,70,50,80,130,100,140,54,20,50,50,40,30,20,20,20,20,20,0,50,50,40,30,35,0,0,0,0,0,0,26,21,15,29,51,39,42,23,6,20,20,16,12,8,8,8,8,8,0,24,30,24,18,23,0,0,0,0,0,0,289,300,300,362,392,390,300,425,300,400,400,400,400,400,400,400,400,400,0,480,600,600,600,657,0,0,0,0,0,0
1700251,Abreulândia,81-Abreulândia,Outros,Menor impacto re,XI,,<Null>,1993,1895,1957,2189,2245,2310,2321,MESOESTE-Associação Municipios do Meio Oeste,8º BPM - Paraíso,8º BPM,Miracema do Tocantins,17003,2383,Paraíso do Tocantins,69,Região do Cantão,1895.201,Sem Região,Área-Programa Centro-Oeste,V,feijao,0,0,0,0,0,0,0,0,0,0,0,0,0,0,0,0,0,0,0,0,0,0,0,0,0,0,0,0,8,10,10480,11210,8470,8175,10642,8450,8106,5493,4575,6098,5505,4472,5413,6746,14251,9230,12695,12801,14668,15811,20699,26134,26179,30321,19798,11450,8570,16979,18575,18563,2690,3610,2970,2920,5775,3164,2726,1816,2100,2728,3066,1734,2500,3807,18926,5729,11559,11140,11362,14062,24970,33427,34003,32784,17948,12418,7651,18013,15026,23025,257,322,350,357,542,374,336,330,459,447,556,387,461,564,1328,620,910,870,774,889,1206,1279,1299,1081,907,1085,893,1061,809,1240
1703909,Caseara,83-Caseara,Outros,Menor impacto re,XI,,<Null>,1987,1692,3625,3660,4667,4813,4927,MESOESTE-Associação Municipios do Meio Oeste,8º BPM - Paraíso,8º BPM,Miracema do Tocantins,17003,4601,Paraíso do Tocantins,68,Região do Cantão,1691.612,Lagos e Praias do Cantão,Área-Programa Centro-Oeste,V,feijao,25,25,15,0,0,0,0,0,0,0,0,0,0,0,0,0,0,0,0,0,0,0,0,0,40,45,0,48,260,248,0,0,0,0,120,140,103,41,25,40,70,50,50,70,80,100,100,100,90,90,21,21,24,90,80,40,52,60,60,45,0,0,0,0,36,45,31,18,8,16,25,20,20,42,48,60,60,60,54,54,12,13,12,55,49,25,28,33,33,24,0,0,0,0,300,321,300,439,320,400,357,400,400,600,600,600,600,600,600,600,571,619,500,611,613,625,538,550,550,533
1718709,Rio dos Bois,61-Rio dos Bois,Outros,Menor impacto re,VIII,,<Null>,1993,845,2042,2269,2092,2150,2136,,6ª CIPM - Miracema do Tocantins,6ª CIPM,Miracema do Tocantins,17003,2570,Guaraí,80,Região Metropolitana de Palmas,845.062,Sem Região,Área-Programa Central,VI,feijao,0,0,0,0,0,0,0,0,0,20,10,0,0,0,0,0,0,0,0,35,30,30,30,25,0,0,0,0,0,0,0,0,0,0,30,0,30,5,0,0,0,0,0,0,0,0,0,0,0,0,0,0,0,0,0,0,0,0,0,0,0,0,0,0,15,0,9,1,0,0,0,0,0,0,0,0,0,0,0,0,0,0,0,0,0,0,0,0,0,0,0,0,0,0,500,0,300,200,0,0,0,0,0,0,0,0,0,0,0,0,0,0,0,0,0,0,0,0,0,0
1716505,Pedro Afonso,78-Pedro Afonso,Outros,Capital,X,,Regiao Nordeste_Sede,1903,2011,8648,9028,10294,10605,10758,,3º BPM - Pedro Afonso,3º BPM,Porto Nacional,17006,11510,Guaraí,65,Região Nordeste,2010.892,Sem Região,Área-Programa Nordeste,IV,feijao,100,100,618,150,291,220,50,25,155,40,0,100,80,60,0,0,0,0,0,0,800,630,3200,2500,800,0,0,0,0,0,0,0,0,0,50,50,50,50,50,60,65,50,60,60,60,80,70,80,90,100,90,100,85,80,85,30,80,80,25,25,0,0,0,0,10,10,10,10,10,12,15,11,15,15,15,32,28,33,37,39,45,60,51,48,51,18,48,48,15,15,0,0,0,0,200,200,200,200,200,200,230,220,250,250,250,400,400,412,411,390,500,600,600,600,600,600,600,600,600,600
1708254,Tabocão,57-Fortaleza do Tabocão,Outros,Menor impacto re,VIII,,<Null>,1993,622,2315,2242,2101,2160,2149,,7º BPM - Guaraí,7º BPM,Miracema do Tocantins,17003,2411,Guaraí,54,Região Metropolitana de Palmas,621.558,Sem Região,Área-Programa Noroeste,III,feijao,0,0,0,0,20,40,50,21,40,40,0,0,0,0,0,0,0,0,0,0,0,0,0,0,0,0,0,0,0,0,0,0,0,0,70,0,0,8,0,0,136,0,0,0,0,0,0,270,280,50,160,0,0,0,1078,110,0,320,0,0,0,0,0,0,84,0,0,5,0,0,254,0,0,0,0,0,0,153,602,58,288,0,0,0,1138,251,0,480,0,0,0,0,0,0,1200,0,0,625,0,0,1867,0,0,0,0,0,0,566,2150,1160,1800,0,0,0,1056,2282,0,1500,0,0
1712405,Lizarda,96-Lizarda,Outros,Menor impacto re,XII,Jalapão,Regiao Jalapao,1953,5723,4085,3787,3634,3737,3729,,3º BPM - Pedro Afonso,3º BPM,Jalapão,17007,3731,Ponte Alta do Tocantins,95,Região do Jalapão,5723.201,Sem Região,Área-Programa leste( Jalapão),VII,feijao,5,5,5,0,0,0,0,294,0,150,100,100,100,80,0,0,0,0,0,0,0,0,0,0,0,0,0,0,0,0,0,0,0,0,0,0,0,0,0,0,0,0,0,0,0,0,0,0,0,0,0,0,0,0,0,0,0,0,0,0,0,0,0,0,0,0,0,0,0,0,0,0,0,0,0,0,0,0,0,0,0,0,0,0,0,0,0,0,0,0,0,0,0,0,0,0,0,0,0,0,0,0,0,0,0,0,0,0,0,0,0,0,0,0,0,0,0,0,0,0
1707207,Dois Irmãos do Tocantins,56-Dois Irmãos do Tocantins,Outros,Menor impacto re,VIII,,<Null>,1963,3757,7554,7269,7060,7261,7254,MESOESTE-Associação Municipios do Meio Oeste,8º BPM - Paraíso,8º BPM,Miracema do Tocantins,17003,7161,Guaraí,67,Região do Cantão,3757.015,Sem Região,Área-Programa Centro-Oeste,V,feijao,170,160,120,90,100,90,100,431,0,0,0,0,0,0,0,0,0,0,0,0,0,0,0,0,50,60,0,65,68,50,25,20,20,10,10,10,0,0,0,0,0,0,0,0,0,0,0,0,0,0,0,0,0,0,0,0,0,30,50,50,6,6,6,3,3,3,0,0,0,0,0,0,0,0,0,0,0,0,0,0,0,0,0,0,0,0,0,10,40,45,240,300,300,300,300,300,0,0,0,0,0,0,0,0,0,0,0,0,0,0,0,0,0,0,0,0,0,333,800,900
1703305,Bom Jesus do Tocantins,74-Bom Jesus do Tocantins,Outros,Menor impacto re,X,,Regiao Nordeste,1993,1333,2279,2323,2710,2793,2839,,3º BPM - Pedro Afonso,3º BPM,Porto Nacional,17006,3768,Guaraí,63,Região Nordeste,1332.665,Sem Região,Área-Programa Nordeste,IV,feijao,0,0,0,0,0,20,20,17,20,20,20,0,0,0,0,0,0,0,0,0,2000,950,500,400,0,0,0,0,0,0,40,70,70,100,100,100,100,100,100,80,80,70,80,100,90,100,90,100,110,120,100,100,85,85,100,20,40,30,10,10,5,20,20,20,20,20,21,20,20,20,20,20,23,30,27,40,36,42,48,51,50,50,43,51,60,12,24,18,6,6,125,285,285,200,200,200,210,200,200,250,250,285,287,300,300,400,400,420,436,425,500,500,506,600,600,600,600,600,600,600
1704105,Centenário,75-Centenário,Outros,Menor impacto re,X,,Regiao Nordeste,1993,1955,2189,2163,2386,2457,2485,,3º BPM - Pedro Afonso,3º BPM,Jalapão,17007,2564,Guaraí,64,Região Nordeste,1954.688,Sem Região,Área-Programa Nordeste,IV,feijao,0,0,0,0,0,50,50,50,50,50,55,50,60,60,65,100,200,250,220,250,200,200,50,40,0,0,0,0,0,0,25,25,15,0,0,0,0,0,0,0,0,0,0,0,0,0,0,0,0,0,0,0,0,0,40,45,0,48,260,248,7,7,4,0,0,0,0,0,0,0,0,0,0,0,0,0,0,0,0,0,0,0,0,0,24,27,0,30,289,198,280,280,266,0,0,0,0,0,0,0,0,0,0,0,0,0,0,0,0,0,0,0,0,0,600,600,0,625,1112,798
1721257,Tupirama,62-Tupirama,Outros,Menor impacto re,VIII,,<Null>,1997,712,0,1179,1405,1448,1474,,3º BPM - Pedro Afonso,3º BPM,Miracema do Tocantins,17003,1574,Guaraí,55,Região Metropolitana de Araguaína,712.202,Sem Região,Área-Programa Noroeste,III,feijao,0,0,0,0,0,0,0,0,30,30,20,0,0,0,0,0,0,0,0,0,0,900,400,350,0,0,0,0,0,14,650,600,309,650,250,170,140,42,40,60,60,30,30,70,100,120,110,110,240,240,19,19,19,33,23,0,0,0,11,11,233,120,103,230,75,51,43,8,16,23,24,12,12,42,60,72,66,66,144,144,10,12,12,21,14,0,0,0,7,7,358,200,333,353,300,300,307,190,400,383,400,400,400,600,600,600,600,600,600,600,526,631,632,636,609,0,0,0,636,636
1708304,Goianorte,58-Goianorte,Outros,Menor impacto re,VIII,,<Null>,1988,1801,5134,4839,5221,5376,5426,,7º BPM - Guaraí,7º BPM,Miracema do Tocantins,17003,4960,Guaraí,51,Região Médio Araguaia,1800.974,Sem Região,Área-Programa Noroeste,III,feijao,55,115,80,40,40,100,120,80,80,80,100,100,100,100,100,80,90,80,70,80,70,90,75,70,70,20,120,120,35,35,0,0,0,0,20,40,30,21,40,40,0,0,0,0,0,0,0,0,0,0,0,0,0,0,0,0,0,0,0,0,0,0,0,0,5,10,8,4,10,14,0,0,0,0,0,0,0,0,0,0,0,0,0,0,0,0,0,0,0,0,0,0,0,0,250,250,266,190,250,350,0,0,0,0,0,0,0,0,0,0,0,0,0,0,0,0,0,0,0,0
1718881,Santa Maria do Tocantins,80-Santa Maria do Tocantins,Outros,Menor impacto re,X,,Regiao Nordeste,1993,1410,2187,2226,2673,2755,2807,,3º BPM - Pedro Afonso,3º BPM,Porto Nacional,17006,2894,Guaraí,62,Região Nordeste,1410.446,Sem Região,Área-Programa Nordeste,IV,feijao,0,0,0,0,0,20,20,20,20,20,30,40,50,60,70,100,120,160,150,150,375,400,250,270,0,0,0,0,0,0,0,0,0,0,0,0,0,8,0,0,0,30,40,50,40,100,210,370,380,340,250,380,380,420,350,200,145,145,0,0,0,0,0,0,0,0,0,3,0,0,0,9,14,18,16,42,96,167,171,204,162,288,248,278,228,134,97,96,0,0,0,0,0,0,0,0,0,375,0,0,0,300,350,360,400,420,457,451,450,600,648,757,653,662,651,670,669,662,0,0
1716703,Colméia,55-Colméia,Outros,Menor impacto re,VIII,,<Null>,1980,991,9141,9352,8759,9005,8961,,7º BPM - Guaraí,7º BPM,Miracema do Tocantins,17003,8604,Guaraí,52,Região Médio Araguaia,990.712,Sem Região,Área-Programa Noroeste,III,feijao,350,100,80,40,120,150,150,106,120,120,150,150,200,200,250,300,250,210,200,210,180,170,140,100,110,20,60,60,10,10,160,100,80,80,50,70,50,9,60,60,70,60,70,80,70,90,100,110,120,130,120,130,105,100,100,15,50,50,25,20,19,20,20,20,13,18,12,2,15,20,24,18,21,24,21,36,38,44,51,52,60,78,63,60,60,9,30,30,15,12,119,200,250,250,260,257,240,222,250,333,342,300,300,300,300,400,380,400,425,400,500,600,600,600,600,600,600,600,600,600
1701903,Araguacema,54-Araguacema,Outros,Menor impacto re,VIII,,<Null>,1937,2778,4712,5414,5423,5579,5591,MESOESTE-Associação Municipios do Meio Oeste,8º BPM - Paraíso,8º BPM,Miracema do Tocantins,17003,6317,Guaraí,66,Região do Cantão,2778.452,Lagos e Praias do Cantão,Área-Programa Centro-Oeste,V,feijao,30,30,30,10,10,10,10,2,0,60,50,0,0,0,0,0,0,0,0,0,0,0,0,0,0,0,0,0,34,15,0,0,0,0,100,80,60,0,55,30,40,75,80,60,100,130,230,190,210,230,180,200,240,240,200,135,225,230,67,67,0,0,0,0,30,32,19,0,19,10,14,27,28,21,36,50,102,81,89,115,117,120,144,148,120,84,141,137,48,40,0,0,0,0,300,400,316,0,345,333,350,360,350,350,360,384,443,426,423,500,650,600,600,617,600,622,627,596,716,597
1718501,Recursolândia,79-Recursolândia,Outros,Menor impacto re,X,,Regiao Nordeste,1993,1217,3051,3138,3665,3777,3839,,3º BPM - Pedro Afonso,3º BPM,Jalapão,17007,3768,Guaraí,60,Região Nordeste,2216.65,Sem Região,Área-Programa Nordeste,IV,feijao,0,0,0,0,0,50,50,50,50,60,60,60,80,100,80,100,90,150,140,150,150,160,40,37,0,0,0,0,0,0,0,0,0,0,0,0,0,0,15,25,20,0,0,0,0,0,0,0,0,0,0,0,0,0,0,0,0,0,10,10,0,0,0,0,0,0,0,0,5,7,7,0,0,0,0,0,0,0,0,0,0,0,0,0,0,0,0,0,7,7,0,0,0,0,0,0,0,0,333,280,350,0,0,0,0,0,0,0,0,0,0,0,0,0,0,0,0,0,700,700
1718402,Presidente Kennedy,49-Presidente Kennedy,Outros,Menor impacto re,VI,,<Null>,1971,770,4146,3759,3680,3785,3784,,7º BPM - Guaraí,7º BPM,Miracema do Tocantins,17003,3676,Colinas do Tocantins,49,Região Metropolitana de Araguaína,770.418,Sem Região,Área-Programa Noroeste,III,feijao,550,200,206,250,150,250,200,50,200,50,60,50,60,60,65,90,200,220,220,250,200,210,170,250,280,10,50,50,20,20,150,120,60,180,220,180,140,62,33,40,70,60,55,170,150,150,115,115,206,206,13,13,13,40,40,40,40,55,55,55,57,35,20,60,70,58,48,21,10,14,25,24,22,102,90,90,70,70,144,144,8,8,8,24,25,25,24,31,31,31,380,291,333,333,318,322,342,338,303,350,357,400,400,600,600,600,608,608,699,699,615,615,615,600,625,625,600,564,564,564
1706001,Couto de Magalhães,44-Couto de Magalhães,Outros,Menor impacto re,VI,,<Null>,1963,1586,4358,4335,4887,5035,5102,,7º BPM - Guaraí,7º BPM,Miracema do Tocantins,17003,5009,Colinas do Tocantins,46,Região Médio Araguaia,1585.773,Sem Região,Área-Programa Noroeste,III,feijao,450,350,150,50,50,70,70,11,60,60,70,60,80,100,110,100,90,100,85,100,90,90,75,70,70,25,30,10,10,10,75,85,90,50,20,0,20,44,0,0,0,0,0,0,0,0,0,0,0,0,0,0,0,0,0,0,0,0,0,0,13,40,40,20,10,0,6,14,0,0,0,0,0,0,0,0,0,0,0,0,0,0,0,0,0,0,0,0,0,0,173,470,444,400,500,0,300,318,0,0,0,0,0,0,0,0,0,0,0,0,0,0,0,0,0,0,0,0,0,0
1711100,Itaporã do Tocantins,45-Itaporã do Tocantins,Outros,Menor impacto re,VI,,<Null>,1963,919,3214,2522,2989,3080,3135,,7º BPM - Guaraí,7º BPM,Miracema do Tocantins,17003,2428,Colinas do Tocantins,47,Região Médio Araguaia,918.916,Sem Região,Área-Programa Noroeste,III,feijao,500,400,309,100,100,100,100,100,100,120,150,120,140,150,200,250,260,280,250,300,250,240,200,200,220,20,50,45,10,10,0,0,0,0,0,50,50,50,50,60,65,50,60,60,65,80,150,200,170,180,160,150,130,150,150,10,50,50,10,10,0,0,0,0,0,10,10,10,10,12,12,10,15,15,17,32,63,86,77,81,80,75,65,90,90,6,30,30,6,6,0,0,0,0,0,200,200,200,200,200,184,200,250,250,261,400,420,430,452,450,500,500,500,600,600,600,600,600,600,600
1710508,Itacajá,76-Itacajá,Outros,Menor impacto re,X,,Regiao Nordeste,1953,3051,6549,6815,6386,6565,6534,,3º BPM - Pedro Afonso,3º BPM,Jalapão,17007,7104,Guaraí,59,Região Nordeste,3051.341,Sem Região,Área-Programa Nordeste,IV,feijao,600,500,515,200,200,200,200,150,200,180,150,100,100,100,100,120,200,250,210,220,200,190,165,150,160,30,80,85,100,100,0,0,0,0,0,0,0,0,0,0,0,0,0,0,0,0,0,0,0,500,18,20,20,25,15,0,0,0,0,0,0,0,0,0,0,0,0,0,0,0,0,0,0,0,0,0,0,0,0,300,11,12,12,17,9,0,0,0,0,0,0,0,0,0,0,0,0,0,0,0,0,0,0,0,0,0,0,0,0,600,611,600,600,680,600,0,0,0,0,0
1703602,Brasilândia do Tocantins,42-Brasilândia do Tocantins,Outros,Menor impacto re,VI,,<Null>,1993,641,1761,1923,2119,2183,2208,,3ª CIPM - Colinas do Tocantins,3ª CIPM,Miracema do Tocantins,17003,2061,Colinas do Tocantins,48,Região Metropolitana de Araguaína,641.464,Sem Região,Área-Programa Noroeste,III,feijao,0,0,0,0,50,50,50,50,50,50,50,40,50,50,60,100,200,250,200,210,200,190,160,160,160,20,80,50,10,10,0,0,0,0,0,20,15,17,20,20,20,0,0,0,0,0,0,0,0,0,2000,950,500,400,0,0,0,0,0,0,0,0,0,0,0,4,3,6,5,5,6,0,0,0,0,0,0,0,0,0,2000,950,450,360,0,0,0,0,0,0,0,0,0,0,0,200,200,352,250,250,300,0,0,0,0,0,0,0,0,0,1000,1000,900,900,0,0,0,0,0,0
1721307,Tupiratins,50-Tupiratins,Outros,Menor impacto re,VI,,<Null>,1993,895,1313,1365,2007,2072,2143,,3º BPM - Pedro Afonso,3º BPM,Miracema do Tocantins,17003,2092,Colinas do Tocantins,50,Região Metropolitana de Araguaína,895.302,Sem Região,Área-Programa Noroeste,III,feijao,0,0,0,0,0,50,50,15,50,20,20,20,30,40,40,80,100,120,110,120,100,450,380,370,320,10,10,130,12,10,0,0,0,0,0,0,0,0,30,30,20,0,0,0,0,0,0,0,0,0,0,900,400,350,0,0,0,0,0,14,0,0,0,0,0,0,0,0,7,10,8,0,0,0,0,0,0,0,0,0,0,900,360,315,0,0,0,0,0,9,0,0,0,0,0,0,0,0,233,333,400,0,0,0,0,0,0,0,0,0,0,1000,900,900,0,0,0,0,0,643
1716653,Pequizeiro,48-Pequizeiro,Outros,Menor impacto re,VI,,<Null>,1987,1210,3574,4591,4799,4940,4971,,7º BPM - Guaraí,7º BPM,Miracema do Tocantins,17003,5050,Colinas do Tocantins,44,Região Médio Araguaia,1209.798,Sem Região,Área-Programa Noroeste,III,feijao,280,100,80,80,50,70,80,9,60,60,70,60,70,80,70,90,100,110,120,130,120,130,105,100,100,15,50,50,25,20,0,0,0,0,0,0,0,2,0,0,0,0,0,0,0,0,0,0,0,0,140,390,425,150,0,253,100,1330,500,400,0,0,0,0,0,0,0,1,0,0,0,0,0,0,0,0,0,0,0,0,300,760,404,11,0,427,79,1411,520,310,0,0,0,0,0,0,0,500,0,0,0,0,0,0,0,0,0,0,0,0,2142,1948,951,73,0,1688,790,1061,1040,775
1711803,Juarina,46-Juarina,Outros,Menor impacto re,VI,,<Null>,1989,481,2376,2333,2141,2200,2185,,7º BPM - Guaraí,7º BPM,Miracema do Tocantins,17003,2228,Colinas do Tocantins,43,Região Médio Araguaia,481.046,Sem Região,Área-Programa Noroeste,III,feijao,0,0,0,0,40,60,80,40,60,50,80,70,80,100,100,80,90,80,70,80,70,70,60,60,60,10,50,50,20,20,0,0,0,0,0,0,0,18,0,0,0,0,0,0,0,0,0,0,0,0,0,0,0,12,10,11,10,10,9,100,0,0,0,0,0,0,0,7,0,0,0,0,0,0,0,0,0,0,0,0,0,0,0,8,6,7,6,7,7,70,0,0,0,0,0,0,0,388,0,0,0,0,0,0,0,0,0,0,0,0,0,0,0,667,600,636,600,700,778,700
1710904,Itapiratins,77-Itapiratins,Outros,Menor impacto re,X,,Regiao Nordeste,1993,1244,3392,3277,3421,3521,3543,,3º BPM - Pedro Afonso,3º BPM,Jalapão,17007,3514,Guaraí,58,Região Nordeste,1243.954,Sem Região,Área-Programa Nordeste,IV,feijao,0,0,0,0,0,50,50,50,50,60,65,50,60,60,65,80,150,200,170,180,160,150,130,150,150,10,50,50,10,10,300,350,160,180,140,180,140,186,50,90,75,50,55,90,100,120,75,75,172,172,16,16,80,60,50,40,40,40,40,35,114,105,40,60,45,62,48,40,17,32,30,20,22,45,50,72,45,45,103,103,8,9,50,37,31,25,25,25,25,25,380,300,250,333,321,344,342,215,340,355,400,400,400,500,500,600,600,600,598,598,500,562,625,617,620,625,625,625,625,714
1703842,Campos Lindos,52-Campos Lindos,Outros,Menor impacto re,VII,,Regiao Nordeste,1993,3240,5102,5638,7615,7858,8079,,2º BPM - Araguaína,2º BPM,Jalapão,17007,8139,Araguaína,61,Região Nordeste,3240.156,Sem Região,Área-Programa Nordeste,IV,feijao,0,0,0,0,100,0,0,48,40,75,45,40,50,100,200,250,300,220,250,380,300,330,220,900,750,400,620,620,665,665,0,0,0,0,140,180,135,15,60,60,30,30,25,40,40,50,35,35,35,35,15,15,15,25,22,0,0,0,23,23,0,0,0,0,43,50,41,4,18,22,11,12,10,24,24,30,20,20,21,21,8,8,8,15,12,0,0,0,10,10,0,0,0,0,307,277,303,266,300,366,366,400,400,600,600,600,571,571,600,600,533,533,533,600,545,0,0,0,435,435
1705508,Colinas do Tocantins,43-Colinas do Tocantins,Outros,Menor impacto re,VI,,<Null>,1963,844,24474,25301,29298,30190,30666,,3ª CIPM - Colinas do Tocantins,3ª CIPM,Araguaína,17002,30370,Colinas do Tocantins,45,Região Metropolitana de Araguaína,843.84,Sem Região,Área-Programa Noroeste,III,feijao,600,200,80,100,100,100,100,100,100,100,85,80,90,100,80,90,80,100,90,100,120,130,110,120,100,15,15,35,20,20,0,0,0,0,0,0,0,0,0,0,0,0,0,0,0,0,0,0,0,0,0,0,0,0,0,0,0,0,0,0,0,0,0,0,0,0,0,0,0,0,0,0,0,0,0,0,0,0,0,0,0,0,0,0,0,0,0,0,0,0,0,0,0,0,0,0,0,0,0,0,0,0,0,0,0,0,0,0,0,0,0,0,0,0,0,0,0,0,0,0
1703206,Bernardo Sayão,41-Bernardo Sayão,Outros,Menor impacto re,VI,,<Null>,1987,927,4319,4551,4518,4648,4653,,3ª CIPM - Colinas do Tocantins,3ª CIPM,Miracema do Tocantins,17003,4455,Colinas do Tocantins,42,Região Médio Araguaia,926.884,Sem Região,Área-Programa Noroeste,III,feijao,70,70,70,100,100,100,100,100,100,80,80,70,80,100,90,100,90,100,110,120,100,100,85,85,100,20,40,30,10,10,40,40,30,30,40,40,50,42,0,20,20,0,0,0,0,0,0,0,0,0,0,0,0,0,0,0,0,0,0,0,12,6,9,9,12,12,15,15,0,8,8,0,0,0,0,0,0,0,0,0,0,0,0,0,0,0,0,0,0,0,300,150,300,300,300,300,300,357,0,400,400,0,0,0,0,0,0,0,0,0,0,0,0,0,0,0,0,0,0,0
1703057,Bandeirantes do Tocantins,40-Bandeirantes do Tocantins,Bico,Menor impacto re,VI,,<Null>,1997,1672,0,2608,2711,2791,2807,,3ª CIPM - Colinas do Tocantins,3ª CIPM,Araguaína,17002,3118,Colinas do Tocantins,41,Região Médio Araguaia,1672.322,Sem Região,Área-Programa Noroeste,III,feijao,0,0,0,0,0,0,0,0,60,50,50,50,50,50,60,80,100,120,130,150,160,150,130,130,150,20,80,80,16,15,110,140,140,120,60,60,250,170,45,135,60,64,60,100,120,180,125,120,150,200,280,340,80,110,90,150,115,115,120,120,45,50,54,43,20,21,72,58,14,47,24,23,21,40,51,81,55,62,82,120,181,219,48,69,55,93,76,78,72,72,409,357,385,358,333,350,288,341,311,348,400,359,350,400,425,450,440,516,546,600,646,644,600,627,611,620,661,678,600,600
1702307,Arapoema,39-Arapoema,Bico,Menor impacto re,VI,,<Null>,1963,1552,8693,7025,6839,7034,7029,,3ª CIPM - Colinas do Tocantins,3ª CIPM,Araguaína,17002,6742,Colinas do Tocantins,40,Região Médio Araguaia,1552.207,Sem Região,Área-Programa Noroeste,III,feijao,900,1000,200,80,100,100,100,50,60,50,50,50,50,50,60,100,90,100,100,110,120,110,90,90,90,20,50,50,25,30,250,280,140,300,280,250,215,197,130,150,180,350,350,600,500,600,140,140,400,400,90,90,160,240,200,180,200,200,200,200,90,84,40,100,84,78,70,52,41,65,72,210,210,396,300,360,88,88,240,240,50,55,98,144,137,113,125,125,125,100,360,300,285,333,300,312,325,263,315,433,400,600,600,660,600,600,628,628,600,600,555,611,613,600,685,628,625,625,625,500
1709005,Goiatins,53-Goiatins,Outros,Menor impacto re,VII,,Regiao Nordeste,1953,6409,14207,11036,11639,11982,12068,,2º BPM - Araguaína,2º BPM,Jalapão,17007,12042,Araguaína,57,Região Nordeste,6408.562,Sem Região,Área-Programa Nordeste,IV,feijao,100,0,0,0,0,0,0,214,130,170,85,80,60,100,150,80,380,400,450,450,550,660,300,340,270,250,400,400,360,360,55,115,80,40,40,100,70,80,80,80,100,100,100,100,100,80,90,80,70,80,70,90,75,70,70,20,120,120,35,35,16,23,20,10,10,25,17,20,20,28,35,35,30,30,30,36,41,36,35,38,35,45,38,42,42,10,72,72,21,21,291,200,250,250,250,250,242,250,250,350,350,350,300,300,300,450,455,450,500,475,500,500,507,600,600,500,600,600,600,600
1715705,Palmeirante,36-Palmeirante,Outros,Menor impacto re,V,,Regiao Nordeste,1993,2641,3769,3610,4689,4837,4959,,3ª CIPM - Colinas do Tocantins,3ª CIPM,Araguaína,17002,4952,Araguaína,38,Região Metropolitana de Araguaína,2640.738,Sem Região,Área-Programa Norte,II,feijao,0,0,0,0,0,0,0,10,40,35,50,50,60,60,60,80,100,110,100,115,100,100,85,80,150,150,195,195,150,150,0,0,0,0,0,0,0,0,0,20,80,0,0,0,0,0,0,0,0,0,0,0,0,0,0,0,0,0,0,0,0,0,0,0,0,0,0,0,0,6,24,0,0,0,0,0,0,0,0,0,0,0,0,0,0,0,0,0,0,0,0,0,0,0,0,0,0,0,0,300,300,0,0,0,0,0,0,0,0,0,0,0,0,0,0,0,0,0,0,0
1714880,Nova Olinda,35-Nova Olinda,Outros,Menor impacto re,V,,<Null>,1980,1566,8724,9385,10518,10835,10974,,3ª CIPM - Colinas do Tocantins,3ª CIPM,Araguaína,17002,10683,Araguaína,36,Região Metropolitana de Araguaína,1566.237,Sem Região,Área-Programa Norte,II,feijao,500,500,50,100,100,100,100,100,100,100,100,85,100,100,100,110,220,250,230,200,170,160,130,120,130,25,100,100,70,50,200,330,130,250,220,230,135,79,120,95,80,45,50,60,60,60,45,45,110,110,43,23,23,25,8,0,16,17,17,40,70,95,30,75,66,71,41,30,40,35,32,18,20,30,30,36,27,27,66,66,20,10,10,12,4,0,8,9,9,26,350,287,230,300,300,308,303,379,333,368,400,400,400,500,500,600,600,600,600,600,465,434,435,480,500,0,500,529,529,650
1703073,Barra do Ouro,51-Barra do Ouro,Outros,Menor impacto re,VII,,Regiao Nordeste,1997,1106,0,3579,3581,3684,3691,,2º BPM - Araguaína,2º BPM,Jalapão,17007,4123,Araguaína,56,Região Nordeste,1106.339,Sem Região,Área-Programa Nordeste,IV,feijao,0,0,0,0,0,0,0,0,40,45,55,50,40,50,70,100,160,180,140,190,180,200,100,140,120,105,110,100,50,50,0,0,0,0,0,0,0,0,60,50,50,50,50,50,60,80,100,120,130,150,160,150,130,130,150,20,80,80,16,15,0,0,0,0,0,0,0,0,18,15,15,15,16,16,21,32,41,50,55,60,80,75,65,78,90,12,48,48,7,9,0,0,0,0,0,0,0,0,300,300,300,300,320,320,350,400,410,416,423,400,500,500,500,600,600,600,600,600,438,600
1716307,Pau d'Arco,47-Pau D'Arco,Bico,Menor impacto re,VI,,<Null>,1993,1311,4875,4335,4767,4909,4964,,3ª CIPM - Colinas do Tocantins,3ª CIPM,Araguaína,17002,4588,Colinas do Tocantins,39,Região Médio Araguaia,1300.97,Vale dos Grandes Rios,Área-Programa Noroeste,III,feijao,0,0,0,0,50,50,50,50,50,60,65,50,60,60,60,80,70,80,90,100,90,100,85,80,85,30,80,80,25,25,150,100,124,50,50,10,50,6,0,6,0,0,0,0,0,0,0,5,10,15,20,30,30,40,45,40,45,45,41,45,60,40,69,20,20,3,15,2,0,2,0,0,0,0,0,0,0,3,5,9,12,19,19,26,29,27,28,35,32,35,400,400,556,400,400,300,300,333,0,333,0,0,0,0,0,0,0,600,500,600,600,633,633,650,644,675,622,778,780,778
1707702,Filadélfia,33-Filadélfia,Outros,Menor impacto re,V,,Regiao Nordeste,1948,1998,7407,8218,7787,8007,7978,,2º BPM - Araguaína,2º BPM,Araguaína,17002,8498,Araguaína,37,Região Metropolitana de Araguaína,1988.068,Vale dos Grandes Rios,Área-Programa Norte,II,feijao,140,110,100,80,0,0,75,80,120,140,70,60,50,120,100,190,180,200,150,180,130,240,100,80,60,70,68,68,5,5,0,0,0,0,0,0,20,55,18,0,22,0,0,0,0,25,0,0,0,0,0,0,200,80,80,40,0,120,0,0,0,0,0,0,0,0,20,66,46,0,46,0,0,0,0,50,0,0,0,0,0,0,204,221,84,96,0,90,0,0,0,0,0,0,0,0,1000,1200,2555,0,2090,0,0,0,0,2000,0,0,0,0,0,0,1020,2763,1050,2400,0,750,0,0
1702109,Araguaína,30-Araguaína,Bico,Capital,V,,,1958,4000,105019,113143,115759,119128,119637,,2º BPM - Araguaína,2º BPM,Araguaína,17002,149313,Araguaína,33,Região Metropolitana de Araguaína,4000.395,Vale dos Grandes Rios,Área-Programa Norte,II,feijao,600,750,700,700,100,100,120,24,100,90,100,120,160,180,160,250,250,210,230,260,240,290,360,390,320,200,240,301,60,246,0,0,0,0,0,0,0,14,0,0,0,0,0,0,0,0,0,0,0,0,0,0,0,0,0,0,0,0,0,0,0,0,0,0,0,0,0,8,0,0,0,0,0,0,0,0,0,0,0,0,0,0,0,0,0,0,0,0,0,0,0,0,0,0,0,0,0,571,0,0,0,0,0,0,0,0,0,0,0,0,0,0,0,0,0,0,0,0,0,0
1703883,Carmolândia,32-Carmolândia,Bico,Menor impacto re,V,,<Null>,1993,339,1610,2008,2313,2383,2420,,2º BPM - Araguaína,2º BPM,Araguaína,17002,2285,Araguaína,32,Região Metropolitana de Araguaína,339.401,Sem Região,Área-Programa Norte,II,feijao,0,0,0,0,0,20,25,26,30,28,30,30,70,50,70,100,50,72,80,100,70,50,100,130,110,90,68,68,0,0,0,0,0,0,0,0,0,0,0,0,0,0,0,0,0,0,0,0,0,0,120,0,715,115,143,215,320,335,0,215,0,0,0,0,0,0,0,0,0,0,0,0,0,0,0,0,0,0,0,0,288,0,924,69,142,477,768,758,0,530,0,0,0,0,0,0,0,0,0,0,0,0,0,0,0,0,0,0,0,0,2400,0,1292,600,993,2219,2400,2263,0,2465
1703008,Babaçulândia,31-Babaçulândia,Outros,Menor impacto re,V,,Regiao Nordeste,1953,1788,8775,10329,10372,10672,10698,,2º BPM - Araguaína,2º BPM,Araguaína,17002,10267,Araguaína,35,Região Metropolitana de Araguaína,1788.442,Vale dos Grandes Rios,Área-Programa Norte,II,feijao,110,140,140,120,60,60,250,170,65,135,60,64,60,100,120,180,125,120,150,200,280,340,80,110,90,150,115,115,120,120,50,180,100,280,270,220,135,71,30,45,90,70,65,170,150,180,150,150,154,154,15,15,20,75,70,55,68,80,80,25,18,50,30,85,81,69,41,22,9,17,35,28,26,102,90,108,91,91,84,84,8,8,11,45,44,34,42,63,49,13,360,277,300,303,300,313,303,309,300,377,388,400,400,600,600,600,606,606,545,545,533,533,550,600,629,618,618,788,613,520
1718865,Santa Fé do Araguaia,37-Santa Fé do Araguaia,Bico,Menor impacto re,V,,<Null>,1993,1677,4336,5507,5610,5773,5795,CMVA-Consorcio Municípios Vale do Araguaia,2º BPM - Araguaína,2º BPM,Araguaína,17002,6599,Araguaína,31,Região Metropolitana de Araguaína,1676.945,Sem Região,Área-Programa Norte,II,feijao,0,0,0,0,0,0,0,8,0,0,0,30,40,50,40,100,210,370,380,340,250,380,380,420,350,200,145,145,0,0,0,0,0,0,0,0,0,8,0,0,0,0,0,0,0,0,0,0,0,0,0,0,0,0,0,0,0,0,0,0,0,0,0,0,0,0,0,3,0,0,0,0,0,0,0,0,0,0,0,0,0,0,0,0,0,0,0,0,0,0,0,0,0,0,0,0,0,375,0,0,0,0,0,0,0,0,0,0,0,0,0,0,0,0,0,0,0,0,0,0
1713957,Muricilândia,34-Muricilândia,Bico,Menor impacto re,V,,<Null>,1993,1188,3039,2680,2850,2935,2958,,2º BPM - Araguaína,2º BPM,Araguaína,17002,3152,Araguaína,30,Região Metropolitana de Araguaína,1187.798,Sem Região,Área-Programa Norte,II,feijao,0,0,0,0,50,20,25,30,35,38,40,60,50,60,70,100,130,0,200,90,60,90,120,140,120,100,75,75,0,0,0,0,0,0,180,220,125,60,75,65,45,50,55,70,60,60,60,60,105,105,10,10,10,14,15,0,8,0,35,45,0,0,0,0,54,68,38,23,29,24,18,20,22,35,30,36,36,36,61,63,6,6,6,9,10,0,6,0,20,27,0,0,0,0,300,309,304,383,386,369,400,400,400,500,500,600,600,600,580,600,600,600,600,643,667,0,750,0,571,600
1701309,Aragominas,29-Aragominas,Bico,Menor impacto re,V,,<Null>,1993,1173,3486,6180,5469,5618,5555,,2º BPM - Araguaína,2º BPM,Araguaína,17002,5882,Araguaína,29,Região Metropolitana de Araguaína,1173.026,Sem Região,Área-Programa Norte,II,feijao,0,0,0,0,100,80,60,0,55,30,40,75,80,60,100,130,230,190,210,230,180,200,240,240,200,135,225,230,67,67,0,50,40,30,30,30,30,45,0,0,0,0,0,80,30,25,20,20,20,15,15,15,20,30,25,0,0,0,0,0,0,15,12,9,9,9,9,11,0,0,0,0,0,204,15,12,9,9,9,7,8,8,12,21,16,0,0,0,0,0,0,300,300,300,300,300,300,244,0,0,0,0,0,2550,500,480,450,450,450,466,533,533,600,700,640,0,0,0,0,0
1722081,Wanderlândia,38-Wanderlândia,Bico,Menor impacto re,V,,Regiao Nordeste,1980,1373,10274,10273,9317,9574,9493,,2º BPM - Araguaína,2º BPM,Araguaína,17002,10949,Araguaína,34,Região Metropolitana de Araguaína,1373.055,Vale dos Grandes Rios,Área-Programa Norte,II,feijao,0,0,0,0,0,0,0,114,0,140,60,50,70,80,100,250,280,280,280,120,190,150,150,150,120,100,145,140,73,73,0,0,0,0,0,50,50,15,50,20,20,20,30,40,40,80,100,120,110,120,100,450,380,370,320,10,10,130,12,10,0,0,0,0,0,10,10,3,10,3,3,3,5,8,80,28,40,50,44,47,50,225,190,239,192,6,6,76,5,6,0,0,0,0,0,200,200,200,200,150,150,150,166,200,2000,350,400,416,400,391,500,500,500,646,600,600,600,585,417,600
1706506,Darcinópolis,16-Darcinópolis,Bico,Menor impacto re,III,Bico do Papagaio,Regiao Bico,1993,1549,3905,4273,5130,5288,5388,AMBIP-Assc. Municipios do Bico do Papagaio,2º BPM - Araguaína,2º BPM,Bico do Papagaio,17001,5273,Araguatins,25,Região do Extremo Norte ou Bico do Papagaio,1548.89,Vale dos Grandes Rios,Área-Programa Extremo Norte(Bico do Papagaio),I,feijao,0,0,0,0,150,220,130,38,85,35,40,30,80,60,80,50,120,110,100,100,120,160,160,200,125,0,0,180,850,25,0,0,0,0,0,0,0,0,0,0,0,0,0,0,0,0,0,0,0,0,270,300,500,500,130,0,0,0,0,0,0,0,0,0,0,0,0,0,0,0,0,0,0,0,0,0,0,0,0,0,324,390,540,450,82,0,0,0,0,0,0,0,0,0,0,0,0,0,0,0,0,0,0,0,0,0,0,0,0,0,1200,1300,1080,900,631,0,0,0,0,0
1702158,Araguanã,25-Araguanã,Bico,Menor impacto re,IV,,<Null>,1993,834,3069,4193,5000,5154,5248,,2º BPM - Araguaína,2º BPM,Araguaína,17002,5023,Araguaína,27,Região Metropolitana de Araguaína,834.701,Vale dos Grandes Rios,Área-Programa Norte,II,feijao,0,0,0,0,50,0,40,0,35,40,35,50,60,50,65,95,175,160,150,100,90,90,140,120,100,70,50,50,0,0,600,750,680,700,100,100,120,24,100,90,100,120,160,180,160,250,250,210,230,260,240,290,360,390,320,200,240,301,60,246,187,255,277,290,30,32,26,7,15,14,36,45,57,100,65,156,154,126,144,156,144,191,234,254,208,125,149,247,35,315,312,340,407,414,300,320,216,291,150,155,360,375,356,555,406,624,616,600,626,600,600,658,650,651,650,625,621,821,583,1280
1713809,Palmeiras do Tocantins,21-Palmeiras do Tocantins,Bico,Menor impacto re,III,Bico do Papagaio,Regiao Bico,1993,748,3533,4622,4542,4672,4673,AMBIP-Assc. Municipios do Bico do Papagaio,5ª CIPM - Tocantinópolis,5ª CIPM,Bico do Papagaio,17001,5695,Araguatins,24,Região do Extremo Norte ou Bico do Papagaio,747.895,Sem Região,Área-Programa Extremo Norte(Bico do Papagaio),I,feijao,0,0,0,0,180,220,125,60,75,80,50,50,55,70,60,60,60,60,105,105,10,10,10,14,15,0,8,0,35,45,0,0,0,0,0,0,0,0,0,0,0,0,0,0,0,0,0,0,0,0,0,0,0,0,0,0,0,0,0,0,0,0,0,0,0,0,0,0,0,0,0,0,0,0,0,0,0,0,0,0,0,0,0,0,0,0,0,0,0,0,0,0,0,0,0,0,0,0,0,0,0,0,0,0,0,0,0,0,0,0,0,0,0,0,0,0,0,0,0,0
1717206,Piraquê,26-Piraquê,Bico,Menor impacto re,IV,,<Null>,1993,922,1785,2360,3014,3103,3127,,2º BPM - Araguaína,2º BPM,Araguaína,17002,2877,Araguaína,28,Região Metropolitana de Araguaína,921.585,Sem Região,Área-Programa Norte,II,feijao,0,0,0,0,0,0,0,0,0,0,20,30,70,80,100,120,240,205,200,140,130,140,140,130,110,125,130,130,33,33,120,150,185,190,160,180,160,15,60,0,50,0,0,0,0,0,0,0,0,0,0,0,0,0,0,0,0,0,0,0,30,55,69,65,50,62,50,6,20,0,90,0,0,0,0,0,0,0,0,0,0,0,0,0,0,0,0,0,0,0,250,366,372,342,312,344,312,400,333,0,1800,0,0,0,0,0,0,0,0,0,0,0,0,0,0,0,0,0,0,0
1700301,Aguiarnópolis,14-Aguiarnópolis,Bico,Menor impacto re,III,Bico do Papagaio,Regiao Bico,1997,235,0,3145,3995,4120,4216,AMBIP-Assc. Municipios do Bico do Papagaio,5ª CIPM - Tocantinópolis,5ª CIPM,Bico do Papagaio,17001,5140,Araguatins,23,Região do Extremo Norte ou Bico do Papagaio,235.391,Bico do Papagaio,Área-Programa Extremo Norte(Bico do Papagaio),I,feijao,0,0,0,0,0,0,0,0,15,60,40,50,45,60,45,60,60,60,110,110,15,8,8,15,12,0,0,0,12,12,0,0,0,0,0,0,0,0,0,0,0,0,0,0,0,0,0,0,0,0,0,0,0,0,0,0,0,0,8,10,0,0,0,0,0,0,0,0,0,0,0,0,0,0,0,0,0,0,0,0,0,0,0,0,0,0,0,0,5,7,0,0,0,0,0,0,0,0,0,0,0,0,0,0,0,0,0,0,0,0,0,0,0,0,0,0,0,0,625,700
1720002,Santa Terezinha do Tocantins,22-Santa Terezinha do Tocantins,Bico,Menor impacto re,III,Bico do Papagaio,Regiao Bico,1997,270,0,2455,2291,2356,2343,AMBIP-Assc. Municipios do Bico do Papagaio,5ª CIPM - Tocantinópolis,5ª CIPM,Bico do Papagaio,17001,2468,Araguatins,22,Região do Extremo Norte ou Bico do Papagaio,269.676,Sem Região,Área-Programa Extremo Norte(Bico do Papagaio),I,feijao,0,0,0,0,0,0,0,0,30,35,30,30,30,40,40,50,40,40,60,60,17,17,17,33,15,0,0,0,15,25,0,20,0,0,0,0,0,5,0,0,0,0,0,0,0,0,0,0,0,0,0,0,0,0,0,0,0,0,0,0,0,5,0,0,0,0,0,2,0,0,0,0,0,0,0,0,0,0,0,0,0,0,0,0,0,0,0,0,0,0,0,250,0,0,0,0,0,400,0,0,0,0,0,0,0,0,0,0,0,0,0,0,0,0,0,0,0,0,0,0
1718550,Riachinho,27-Riachinho,Bico,Menor impacto re,IV,Bico do Papagaio,Regiao Bico,1993,611,3502,3670,3691,3798,3808,AMBIP-Assc. Municipios do Bico do Papagaio,5ª CIPM - Tocantinópolis,5ª CIPM,Bico do Papagaio,17001,4170,Araguaína,17,Região do Extremo Norte ou Bico do Papagaio,610.726,Sem Região,Área-Programa Extremo Norte(Bico do Papagaio),I,feijao,0,0,0,0,240,200,135,38,49,65,30,30,60,50,70,90,200,130,140,70,80,130,130,155,107,0,0,0,40,40,0,0,0,0,0,50,50,50,50,60,60,60,80,100,80,100,90,150,140,150,150,160,40,37,0,0,0,0,0,0,0,0,0,0,0,10,10,10,10,9,9,9,15,20,20,40,35,60,56,60,76,80,21,24,0,0,0,0,0,0,0,0,0,0,0,200,200,200,200,150,150,150,187,200,250,400,388,400,400,400,506,500,525,649,0,0,0,0,0,0
1722107,Xambioá,28-Xambioá,Bico,Menor impacto re,IV,,<Null>,1958,1634,11183,12137,10856,11160,11099,,2º BPM - Araguaína,2º BPM,Araguaína,17002,11484,Araguaína,26,Região Metropolitana de Araguaína,1633.769,Vale dos Grandes Rios,Área-Programa Norte,II,feijao,50,50,50,50,0,45,25,69,30,45,50,50,80,70,100,180,140,160,200,180,140,80,180,180,150,120,140,140,26,26,0,0,0,0,0,0,0,114,0,140,60,50,70,80,100,250,280,280,280,120,190,150,150,150,120,100,145,140,73,73,0,0,0,0,0,0,0,26,0,40,18,15,23,29,40,105,128,126,126,48,108,90,90,93,74,63,93,100,44,44,0,0,0,0,0,0,0,228,0,285,300,300,328,362,400,420,457,450,450,400,568,600,600,620,617,630,641,714,603,603
1701051,Angico,15-Angico,Bico,Menor impacto re,III,Bico do Papagaio,Regiao Bico,1993,439,2755,2889,3169,3264,3300,AMBIP-Assc. Municipios do Bico do Papagaio,5ª CIPM - Tocantinópolis,5ª CIPM,Bico do Papagaio,17001,3152,Araguatins,18,Região do Extremo Norte ou Bico do Papagaio,438.703,Bico do Papagaio,Área-Programa Extremo Norte(Bico do Papagaio),I,feijao,0,0,0,0,140,180,165,40,60,45,30,20,50,40,50,130,220,190,160,100,90,100,100,105,95,0,0,0,45,45,190,330,206,370,220,270,175,69,50,25,30,30,80,60,65,110,250,160,150,80,130,90,90,97,28,0,0,0,6,60,70,100,69,115,66,81,53,12,15,5,6,9,24,21,26,44,105,68,60,32,78,56,57,60,18,0,0,0,3,50,368,303,334,310,300,300,302,173,300,200,200,300,300,350,400,400,420,425,400,400,600,622,633,619,643,0,0,0,500,833
1714302,Nazaré,20-Nazaré,Bico,Menor impacto re,III,Bico do Papagaio,Regiao Bico,1958,396,7156,5150,4528,4652,4596,AMBIP-Assc. Municipios do Bico do Papagaio,5ª CIPM - Tocantinópolis,5ª CIPM,Bico do Papagaio,17001,4386,Araguatins,20,Região do Extremo Norte ou Bico do Papagaio,395.903,Sem Região,Área-Programa Extremo Norte(Bico do Papagaio),I,feijao,200,330,130,250,220,230,135,79,120,110,80,45,50,60,60,60,45,45,110,110,43,23,23,25,8,0,16,17,17,40,30,80,100,60,60,10,70,33,0,0,0,0,0,0,0,0,0,0,0,0,0,0,0,0,0,0,0,0,0,0,3,30,35,30,30,3,36,11,0,0,0,0,0,0,0,0,0,0,0,0,0,0,0,0,0,0,0,0,0,0,100,375,350,500,500,300,514,333,0,0,0,0,0,0,0,0,0,0,0,0,0,0,0,0,0,0,0,0,0,0
1712454,Luzinópolis,18-Luzinópolis,Bico,Menor impacto re,III,Bico do Papagaio,Regiao Bico,1997,280,0,2021,2784,2874,2959,AMBIP-Assc. Municipios do Bico do Papagaio,5ª CIPM - Tocantinópolis,5ª CIPM,Bico do Papagaio,17001,2622,Araguatins,19,Região do Extremo Norte ou Bico do Papagaio,279.562,Sem Região,Área-Programa Extremo Norte(Bico do Papagaio),I,feijao,0,0,0,0,0,0,0,0,15,25,30,25,25,40,40,50,45,45,55,55,16,16,16,22,68,0,0,0,60,60,5,5,5,0,0,0,0,294,0,150,100,100,100,80,0,0,0,0,0,0,0,0,0,0,0,0,0,0,0,0,1,1,1,0,0,0,0,81,0,42,30,30,30,24,0,0,0,0,0,0,0,0,0,0,0,0,0,0,0,0,200,200,200,0,0,0,0,275,0,280,300,300,300,300,0,0,0,0,0,0,0,0,0,0,0,0,0,0,0,0
1721208,Tocantinópolis,23-Tocantinópolis,Bico,Capital,III,Bico do Papagaio,Regiao Bico,1858,1077,22810,22777,21334,21932,21826,AMBIP-Assc. Municipios do Bico do Papagaio,5ª CIPM - Tocantinópolis,5ª CIPM,Bico do Papagaio,17001,22590,Araguatins,21,Região do Extremo Norte ou Bico do Papagaio,1077.066,Bico do Papagaio,Área-Programa Extremo Norte(Bico do Papagaio),I,feijao,650,900,309,650,250,170,140,42,40,60,100,30,30,70,100,120,110,110,240,240,19,19,19,33,23,0,0,0,11,11,35,65,35,0,0,0,0,14,0,0,0,0,0,0,0,0,0,0,0,0,0,0,0,0,0,0,0,0,0,20,10,20,10,0,0,0,0,5,0,0,0,0,0,0,0,0,0,0,0,0,0,0,0,0,0,0,0,0,0,18,286,307,285,0,0,0,0,357,0,0,0,0,0,0,0,0,0,0,0,0,0,0,0,0,0,0,0,0,0,900
1703826,Cachoeirinha,2-Cachoeirinha,Bico,Menor impacto re,I,Bico do Papagaio,Regiao Bico,1993,352,2039,2023,2171,2235,2255,AMBIP-Assc. Municipios do Bico do Papagaio,5ª CIPM - Tocantinópolis,5ª CIPM,Bico do Papagaio,17001,2148,Araguatins,15,Região do Extremo Norte ou Bico do Papagaio,352.343,Sem Região,Área-Programa Extremo Norte(Bico do Papagaio),I,feijao,0,0,0,0,140,180,135,15,60,80,30,30,25,40,40,50,35,35,35,35,15,15,15,25,22,0,0,0,23,23,50,160,80,200,170,200,165,3,40,60,110,85,80,120,100,120,100,100,85,85,13,13,17,45,50,45,12,12,12,40,16,51,20,70,51,62,51,2,13,23,43,34,32,72,60,72,60,60,51,51,6,7,9,27,31,28,8,8,8,13,320,318,250,350,300,310,309,666,325,383,390,400,400,600,600,600,600,600,600,600,461,538,529,600,620,622,667,667,667,325
1701002,Ananás,24-Ananás,Bico,Menor impacto re,IV,Bico do Papagaio,Regiao Bico,1963,1587,9694,10512,9358,9615,9514,AMBIP-Assc. Municipios do Bico do Papagaio,5ª CIPM - Tocantinópolis,5ª CIPM,Bico do Papagaio,17001,9846,Araguaína,14,Região do Extremo Norte ou Bico do Papagaio,1587,Bico do Papagaio,Área-Programa Extremo Norte(Bico do Papagaio),I,feijao,190,330,206,370,220,270,175,69,50,25,30,30,80,60,65,110,250,160,150,80,130,90,90,97,28,0,0,0,6,60,0,0,0,0,0,0,0,0,0,0,0,0,0,0,0,0,0,0,0,0,0,5,0,0,0,0,0,0,0,0,0,0,0,0,0,0,0,0,0,0,0,0,0,0,0,0,0,0,0,0,0,3,0,0,0,0,0,0,0,0,0,0,0,0,0,0,0,0,0,0,0,0,0,0,0,0,0,0,0,0,0,600,0,0,0,0,0,0,0,0
1712801,Maurilândia do Tocantins,19-Maurilândia do Tocantins,Bico,Menor impacto re,III,Bico do Papagaio,Regiao Bico,1993,738,2721,2854,3185,3281,3322,AMBIP-Assc. Municipios do Bico do Papagaio,5ª CIPM - Tocantinópolis,5ª CIPM,Bico do Papagaio,17001,3112,Araguatins,16,Região do Extremo Norte ou Bico do Papagaio,738.101,Sem Região,Área-Programa Extremo Norte(Bico do Papagaio),I,feijao,0,0,0,0,90,100,80,46,70,50,40,25,35,50,50,60,75,75,140,140,19,19,19,30,23,0,13,13,13,59,0,0,0,0,0,0,0,13,0,0,20,20,20,20,15,15,0,0,0,0,0,0,0,0,0,0,0,0,0,0,0,0,0,0,0,0,0,5,0,0,4,6,6,6,7,7,0,0,0,0,0,0,0,0,0,0,0,0,0,0,0,0,0,0,0,0,0,384,0,0,200,300,300,300,466,466,0,0,0,0,0,0,0,0,0,0,0,0,0,0
1720101,São Bento do Tocantins,4-São Bento do Tocantins,Bico,Menor impacto re,I,Bico do Papagaio,Regiao Bico,1993,1105,2834,3738,4447,4583,4666,AMBIP-Assc. Municipios do Bico do Papagaio,4ª CIPM - Araguatins,4ª CIPM,Bico do Papagaio,17001,4615,Araguatins,12,Região do Extremo Norte ou Bico do Papagaio,1105.893,Bico do Papagaio,Área-Programa Extremo Norte(Bico do Papagaio),I,feijao,0,0,0,0,170,180,155,15,40,70,80,80,80,100,100,100,100,100,240,240,15,15,15,28,51,0,0,0,45,45,0,0,0,0,0,0,0,0,30,30,30,30,30,40,40,50,40,40,60,60,17,17,17,33,15,0,0,0,15,25,0,0,0,0,0,0,0,0,9,11,12,12,12,24,24,30,24,24,36,36,10,10,11,20,10,0,0,0,8,15,0,0,0,0,0,0,0,0,300,366,400,400,400,600,600,600,600,600,600,600,588,588,647,606,667,0,0,0,533,600
1710706,Itaguatins,17-Itaguatins,Bico,Menor impacto re,III,Bico do Papagaio,Regiao Bico,1945,740,6492,6386,6074,6246,6226,AMBIP-Assc. Municipios do Bico do Papagaio,5ª CIPM - Tocantinópolis,5ª CIPM,Bico do Papagaio,17001,5628,Araguatins,13,Região do Extremo Norte ou Bico do Papagaio,739.846,Bico do Papagaio,Área-Programa Extremo Norte(Bico do Papagaio),I,feijao,300,350,160,180,140,180,140,186,50,130,75,50,55,90,100,120,75,75,172,172,16,16,80,60,50,40,40,40,40,35,600,500,515,200,200,200,200,150,200,180,150,100,100,100,100,120,200,250,210,220,200,190,165,150,160,30,80,85,100,100,120,100,114,40,40,40,44,33,44,45,45,30,30,30,32,48,83,100,84,88,100,95,83,90,96,18,48,51,60,60,200,200,221,200,200,200,220,220,220,250,300,300,300,300,320,400,415,400,400,400,500,500,503,600,600,600,600,600,600,600
1702901,Axixá do Tocantins,7-Axixá do Tocantins,Bico,Menor impacto re,II,Bico do Papagaio,Regiao Bico,1963,150,9698,8827,8917,9175,9203,AMBIP-Assc. Municipios do Bico do Papagaio,4ª CIPM - Araguatins,4ª CIPM,Bico do Papagaio,17001,9275,Araguatins,9,Região do Extremo Norte ou Bico do Papagaio,150.214,Sem Região,Área-Programa Extremo Norte(Bico do Papagaio),I,feijao,50,180,100,280,270,220,135,71,30,45,90,70,65,170,150,180,150,150,154,154,15,15,20,75,70,55,68,80,80,25,270,220,309,240,250,30,150,6,0,0,0,0,0,0,0,0,0,0,0,0,0,0,0,0,0,0,0,0,0,0,103,100,160,120,125,9,45,2,0,0,0,0,0,0,0,0,0,0,0,0,0,0,0,0,0,0,0,0,0,0,381,454,517,500,500,300,300,333,0,0,0,0,0,0,0,0,0,0,0,0,0,0,0,0,0,0,0,0,0,0
1720804,Sítio Novo do Tocantins,13-Sítio Novo do Tocantins,Bico,Menor impacto re,II,Bico do Papagaio,Regiao Bico,1963,324,10114,9488,9302,9568,9568,AMBIP-Assc. Municipios do Bico do Papagaio,4ª CIPM - Araguatins,4ª CIPM,Bico do Papagaio,17001,9148,Araguatins,10,Região do Extremo Norte ou Bico do Papagaio,324.102,Sem Região,Área-Programa Extremo Norte(Bico do Papagaio),I,feijao,40,170,90,220,270,220,120,60,50,75,100,90,90,100,100,100,85,85,332,332,20,20,20,22,25,25,25,25,25,25,10,0,100,100,110,100,90,0,0,0,0,0,0,0,0,0,0,0,0,0,110,100,250,250,0,0,0,500,0,1756,3,0,25,30,35,35,31,0,0,0,0,0,0,0,0,0,0,0,0,0,250,180,450,450,0,0,0,640,0,1714,300,0,250,300,318,350,344,0,0,0,0,0,0,0,0,0,0,0,0,0,2272,1800,1800,1800,0,0,0,1280,0,976
1720200,São Miguel do Tocantins,12-São Miguel do Tocantins,Bico,Menor impacto re,II,Bico do Papagaio,Regiao Bico,1993,399,8304,8486,10221,10536,10737,AMBIP-Assc. Municipios do Bico do Papagaio,4ª CIPM - Araguatins,4ª CIPM,Bico do Papagaio,17001,10490,Araguatins,11,Região do Extremo Norte ou Bico do Papagaio,398.817,Sem Região,Área-Programa Extremo Norte(Bico do Papagaio),I,feijao,0,0,0,0,160,170,115,68,30,50,65,55,55,130,100,100,60,60,64,64,15,15,15,40,35,30,35,35,35,60,0,0,0,0,0,0,0,45,0,0,20,20,20,20,20,15,15,15,15,15,15,15,20,15,20,0,0,0,0,0,0,0,0,0,0,0,0,11,0,0,6,6,6,6,7,5,5,5,5,5,6,6,12,9,12,0,0,0,0,0,0,0,0,0,0,0,0,244,0,0,300,300,300,300,350,333,333,333,333,333,400,400,600,600,600,0,0,0,0,0
1702554,Augustinópolis,6-Augustinópolis,Bico,Menor impacto re,II,Bico do Papagaio,Regiao Bico,1982,414,13924,12964,14800,15248,15469,AMBIP-Assc. Municipios do Bico do Papagaio,4ª CIPM - Araguatins,4ª CIPM,Bico do Papagaio,17001,15883,Araguatins,7,Região do Extremo Norte ou Bico do Papagaio,414.37,Bico do Papagaio,Área-Programa Extremo Norte(Bico do Papagaio),I,feijao,50,130,100,240,300,250,205,33,184,220,150,120,115,180,200,220,100,100,78,78,31,31,31,70,70,60,67,58,58,70,290,490,258,140,320,10,57,27,0,0,0,0,0,0,0,0,0,0,0,0,0,0,0,0,0,0,0,0,0,0,110,310,149,70,485,3,25,15,0,0,0,0,0,0,0,0,0,0,0,0,0,0,0,0,0,0,0,0,0,0,379,632,577,500,1515,300,438,555,0,0,0,0,0,0,0,0,0,0,0,0,0,0,0,0,0,0,0,0,0,0
1718303,Praia Norte,10-Praia  Norte,Bico,Menor impacto re,II,Bico do Papagaio,Regiao Bico,1988,289,5149,6781,7060,7267,7310,AMBIP-Assc. Municipios do Bico do Papagaio,4ª CIPM - Araguatins,4ª CIPM,Bico do Papagaio,17001,7661,Araguatins,8,Região do Extremo Norte ou Bico do Papagaio,289.052,Bico do Papagaio,Área-Programa Extremo Norte(Bico do Papagaio),I,feijao,150,120,60,180,220,180,140,62,33,40,70,60,55,170,150,150,115,115,206,206,13,13,13,40,40,40,40,55,55,55,30,140,80,100,192,228,269,100,50,41,182,0,15,80,210,50,50,200,2000,0,770,1580,285,595,85,0,0,0,116,120,8,224,30,40,145,181,379,33,100,56,398,0,27,202,391,35,35,240,2400,0,693,1518,522,711,60,0,0,0,87,108,267,1600,375,400,755,793,1408,330,2000,1365,2186,0,1800,2525,1861,700,700,1200,1200,0,900,960,1832,1195,706,0,0,0,750,900
1702208,Araguatins,1-Araguatins,Bico,Capital,I,Bico do Papagaio,Regiao Bico_Sede,1948,2627,22558,26010,25973,26722,26771,AMBIP-Assc. Municipios do Bico do Papagaio,4ª CIPM - Araguatins,4ª CIPM,Bico do Papagaio,17001,31232,Araguatins,3,Região do Extremo Norte ou Bico do Papagaio,2627.28,Bico do Papagaio,Área-Programa Extremo Norte(Bico do Papagaio),I,feijao,250,280,140,300,280,250,215,197,130,150,180,350,350,600,500,600,140,140,400,400,90,90,160,240,200,180,200,200,200,200,0,0,0,0,50,0,40,0,30,40,35,50,60,50,65,95,175,160,150,100,90,90,140,120,100,70,50,50,0,0,0,0,0,0,20,0,11,0,9,12,12,17,20,19,26,38,76,75,75,50,50,54,84,76,61,43,32,35,0,0,0,0,0,0,400,0,275,0,300,300,342,340,333,380,400,400,434,468,500,500,555,600,600,633,610,614,640,700,0,0
1703800,Buriti do Tocantins,8-Buriti do Tocantins,Bico,Menor impacto re,II,Bico do Papagaio,Regiao Bico,1988,250,7599,7842,8164,8404,8454,AMBIP-Assc. Municipios do Bico do Papagaio,4ª CIPM - Araguatins,4ª CIPM,Bico do Papagaio,17001,9767,Araguatins,4,Região do Extremo Norte ou Bico do Papagaio,249.906,Sem Região,Área-Programa Extremo Norte(Bico do Papagaio),I,feijao,50,160,80,200,170,200,165,3,40,70,110,85,80,120,100,120,100,100,85,85,13,13,17,45,50,45,12,12,12,40,50,0,100,120,100,144,130,0,0,200,50,0,0,0,0,0,0,0,0,0,0,0,280,500,500,0,0,200,0,0,15,0,35,40,40,66,39,0,0,60,15,0,0,0,0,0,0,0,0,0,0,0,672,672,510,0,0,130,0,0,300,0,350,333,400,458,300,0,0,300,300,0,0,0,0,0,0,0,0,0,0,0,2400,1344,1020,0,0,650,0,0
1703891,Carrasco Bonito,9-Carrasco Bonito,Bico,Menor impacto re,II,Bico do Papagaio,Regiao Bico,1993,195,2727,3218,3314,3411,3428,AMBIP-Assc. Municipios do Bico do Papagaio,4ª CIPM - Araguatins,4ª CIPM,Bico do Papagaio,17001,3687,Araguatins,5,Região do Extremo Norte ou Bico do Papagaio,195.017,Sem Região,Área-Programa Extremo Norte(Bico do Papagaio),I,feijao,0,0,0,0,120,140,103,41,25,40,70,50,50,70,80,100,100,100,90,90,21,21,24,90,80,40,52,60,60,45,0,0,0,0,0,20,25,26,30,28,30,30,70,50,70,100,50,52,80,100,70,50,100,130,110,90,68,68,0,0,0,0,0,0,0,7,8,8,9,9,9,9,21,20,28,45,23,24,32,40,42,30,65,85,71,58,44,44,0,0,0,0,0,0,0,350,320,307,300,321,300,300,300,400,400,450,460,461,400,400,600,600,650,654,645,644,647,647,0,0
1718808,Sampaio,11-Sampaio,Bico,Menor impacto re,II,Bico do Papagaio,Regiao Bico,1988,201,2829,2801,3672,3788,3886,AMBIP-Assc. Municipios do Bico do Papagaio,4ª CIPM - Araguatins,4ª CIPM,Bico do Papagaio,17001,3863,Araguatins,6,Região do Extremo Norte ou Bico do Papagaio,200.813,Bico do Papagaio,Área-Programa Extremo Norte(Bico do Papagaio),I,feijao,30,120,60,220,140,110,87,40,30,50,65,65,60,80,80,100,70,70,40,40,13,13,17,40,35,42,43,51,51,246,5,5,5,0,0,0,0,35,0,100,0,0,0,0,0,0,0,0,0,0,0,0,0,0,0,0,0,0,0,0,1,1,1,0,0,0,0,14,0,28,0,0,0,0,0,0,0,0,0,0,0,0,0,0,0,0,0,0,0,0,200,200,200,0,0,0,0,400,0,280,0,0,0,0,0,0,0,0,0,0,0,0,0,0,0,0,0,0,0,0
1707405,Esperantina,3-Esperantina,Bico,Menor impacto re,I,Bico do Papagaio,Regiao Bico,1993,504,5963,7623,8134,8375,8445,AMBIP-Assc. Municipios do Bico do Papagaio,4ª CIPM - Araguatins,4ª CIPM,Bico do Papagaio,17001,9476,Araguatins,1,Região do Extremo Norte ou Bico do Papagaio,504.019,Bico do Papagaio,Área-Programa Extremo Norte(Bico do Papagaio),I,feijao,0,0,0,0,180,190,170,40,50,70,80,185,155,220,200,220,170,170,240,240,90,90,90,80,65,100,110,110,110,100,2,0,0,0,1000,0,0,5,0,0,0,0,0,0,0,0,0,0,0,300,1000,2570,2360,3700,3700,880,2600,2750,2400,2500,1,0,0,0,1200,0,0,2,0,0,0,0,0,0,0,0,0,0,0,690,1800,3600,3540,3907,3885,1496,2700,2850,2500,5700,500,0,0,0,1200,0,0,400,0,0,0,0,0,0,0,0,0,0,0,2300,1800,1400,1500,1056,1050,1700,1038,1036,1042,2280
1720309,São Sebastião do Tocantins,5-São Sebastião do Tocantins,Bico,Menor impacto re,I,Bico do Papagaio,Regiao Bico,1963,287,3516,3669,4244,4373,4441,AMBIP-Assc. Municipios do Bico do Papagaio,4ª CIPM - Araguatins,4ª CIPM,Bico do Papagaio,17001,4283,Araguatins,2,Região do Extremo Norte ou Bico do Papagaio,287.271,Bico do Papagaio,Área-Programa Extremo Norte(Bico do Papagaio),I,feijao,70,220,120,250,180,220,150,55,30,65,50,45,50,90,100,100,70,70,62,62,20,20,20,35,32,35,20,22,15,28,0,0,0,0,40,0,0,0,0,0,0,0,0,0,0,0,0,41,40,44,40,0,40,40,35,30,25,20,18,21,0,0,0,0,29,0,0,0,0,0,0,0,0,0,0,0,0,23,22,26,24,0,24,25,22,18,15,15,14,16,0,0,0,0,725,0,0,0,0,0,0,0,0,0,0,0,0,560,550,590,600,0,600,625,629,600,600,750,778,762
1712157,Lavandeira,137-Lavandeira,Outros,Menor impacto re,XVIII,Sudeste,Regiao Sudeste,1997,520,0,1209,1590,1640,1683,Portal do Sudeste-Assoc. Municipios do Sudeste,1ª CIPM - Arraias,1ª CIPM,Dianópolis,17008,1605,Dianópolis,137,Região Sudeste,519.569,Sem Região,Área-Programa Sudeste,X,feijao,0,0,0,0,0,0,0,0,0,0,0,0,0,0,0,0,0,0,0,0,0,0,0,0,0,0,0,0,0,0,0,0,0,0,0,0,0,27,0,0,0,0,0,0,0,0,0,0,0,5,0,0,0,0,0,0,0,0,0,0,0,0,0,0,0,0,0,7,0,0,0,0,0,0,0,0,0,0,0,2,0,0,0,0,0,0,0,0,0,0,0,0,0,0,0,0,0,259,0,0,0,0,0,0,0,0,0,0,0,400,0,0,0,0,0,0,0,0,0,0
1702703,Aurora do Tocantins,136-Aurora do Tocantins,Outros,Menor impacto re,XVIII,Sudeste,Regiao Sudeste,1963,753,4382,3101,3385,3486,3523,Portal do Sudeste-Assoc. Municipios do Sudeste,1ª CIPM - Arraias,1ª CIPM,Dianópolis,17008,3446,Dianópolis,136,Região Sudeste,752.826,Serras Gerais,Área-Programa Sudeste,X,feijao,270,220,309,240,250,250,250,6,0,0,0,0,0,0,0,0,0,0,0,0,0,0,0,0,0,0,0,0,0,0,50,130,100,240,300,250,205,33,184,220,150,120,115,180,200,220,100,100,78,78,31,31,31,70,70,60,67,58,58,70,13,39,30,80,96,84,64,11,55,73,60,54,46,108,120,126,63,63,48,48,16,18,18,42,43,37,39,32,32,30,260,300,300,333,320,336,312,333,298,331,400,450,400,600,600,572,630,630,615,615,516,580,581,600,614,617,582,552,552,429
1717800,Ponte Alta do Bom Jesus,138-Ponte Alta do Bom Jesus,Outros,Menor impacto re,XVIII,Sudeste,Regiao Sudeste,1958,1806,4715,4574,4529,4660,4664,Portal do Sudeste-Assoc. Municipios do Sudeste,2ª CIPM - Dianópolis,2ª CIPM,Dianópolis,17008,4548,Dianópolis,133,Região Sudeste,1806.132,Sem Região,Área-Programa Sudeste,X,feijao,150,130,134,80,50,50,50,8,0,0,0,0,0,0,0,0,0,0,0,0,0,0,0,0,0,0,0,0,0,0,0,0,0,0,0,0,0,9,0,0,0,0,0,0,0,0,0,0,0,0,600,520,520,1000,0,0,0,2610,3335,700,0,0,0,0,0,0,0,2,0,0,0,0,0,0,0,0,0,0,0,0,1080,810,832,1400,0,0,0,4191,2825,1054,0,0,0,0,0,0,0,222,0,0,0,0,0,0,0,0,0,0,0,0,1800,1557,1600,1400,0,0,0,1606,847,1506
1715259,Novo Jardim,125-Novo Jardim,Outros,Menor impacto re,XV,Sudeste,Regiao Sudeste,1993,1310,2010,2151,2419,2492,2525,Portal do Sudeste-Assoc. Municipios do Sudeste,2ª CIPM - Dianópolis,2ª CIPM,Dianópolis,17008,2457,Dianópolis,132,Região Sudeste,1309.658,Sem Região,Área-Programa Sudeste,X,feijao,0,0,0,0,30,0,30,4,0,0,0,0,0,0,0,0,0,0,0,0,0,0,0,0,0,0,0,0,0,0,0,0,0,0,70,20,45,16,0,0,0,0,0,0,0,0,0,0,0,0,0,0,0,0,0,0,0,0,0,0,0,0,0,0,35,6,14,9,0,0,0,0,0,0,0,0,0,0,0,0,0,0,0,0,0,0,0,0,0,0,0,0,0,0,500,300,311,562,0,0,0,0,0,0,0,0,0,0,0,0,0,0,0,0,0,0,0,0,0,0
1707009,Dianópolis,124-Dianópolis,Outros,Capital,XV,Sudeste,Regiao Sudeste_Sede,1884,3217,14882,15428,18584,19158,19524,Portal do Sudeste-Assoc. Municipios do Sudeste,2ª CIPM - Dianópolis,2ª CIPM,Dianópolis,17008,18747,Dianópolis,130,Região Sudeste,3217.179,Serras Gerais,Área-Programa Sudeste,X,feijao,230,200,187,140,120,110,110,93,0,0,0,0,0,0,0,0,0,0,0,0,0,700,0,0,0,0,0,0,0,0,0,0,0,0,150,220,130,38,85,35,40,30,80,60,80,50,120,110,100,100,120,160,160,200,125,0,0,180,850,25,0,0,0,0,48,70,40,10,32,10,12,9,24,18,32,20,56,54,50,50,72,102,102,135,85,0,0,110,1200,16,0,0,0,0,320,318,307,263,376,285,300,300,300,300,400,400,466,490,500,500,600,637,638,675,680,0,0,611,1412,640
1718659,Rio da Conceição,127-Rio da Conceição,Outros,Menor impacto re,XV,Sudeste,Regiao Sudeste,1993,771,1035,1189,1454,1499,1530,,2ª CIPM - Dianópolis,2ª CIPM,Dianópolis,17008,1707,Dianópolis,127,Região Sudeste,771.112,Serras Gerais,Área-Programa Sudeste,X,feijao,0,0,0,0,30,0,30,5,0,0,0,0,0,0,0,0,0,0,0,0,0,0,0,0,0,0,0,0,0,0,0,0,0,0,240,200,135,38,49,65,30,30,60,50,70,90,200,130,140,70,80,130,130,155,107,0,0,0,40,40,0,0,0,0,72,66,41,13,17,24,12,12,22,20,28,36,93,52,56,28,48,78,81,93,60,0,0,0,20,20,0,0,0,0,300,330,303,342,346,369,400,400,366,400,400,400,465,400,400,400,600,600,623,600,561,0,0,0,500,500
1712702,Mateiros,97-Mateiros,Outros,Menor impacto re,XII,Jalapão,Regiao Jalapao,1993,9592,1490,1646,1737,1788,1802,Portal do Sudeste-Assoc. Municipios do Sudeste,5º BPM - Porto Nacional,5º BPM,Jalapão,17007,2169,Ponte Alta do Tocantins,101,Região do Jalapão,9591.543,Encantos do Jalapão,Área-Programa leste( Jalapão),VII,feijao,0,0,0,0,0,0,0,13,0,0,20,20,20,20,15,15,0,0,0,0,0,0,0,0,0,0,0,0,0,0,25,20,10,0,0,0,0,0,0,0,0,0,0,0,0,0,0,0,0,0,0,0,0,0,0,0,0,10,60,60,6,5,2,0,0,0,0,0,0,0,0,0,0,0,0,0,0,0,0,0,0,0,0,0,0,0,0,7,32,32,240,250,200,0,0,0,0,0,0,0,0,0,0,0,0,0,0,0,0,0,0,0,0,0,0,0,0,700,533,533
1709302,Guaraí,59-Guaraí,Outros,Capital,VIII,,<Null>,1968,2268,20404,20018,21669,22314,22530,,7º BPM - Guaraí,7º BPM,Miracema do Tocantins,17003,23163,Guaraí,53,Região Metropolitana de Araguaína,2268.147,Sem Região,Área-Programa Noroeste,III,feijao,400,250,150,100,130,80,85,84,70,60,70,60,70,100,100,110,200,200,180,200,170,160,100,90,0,0,0,0,0,0,100,0,0,0,0,0,0,214,130,170,85,80,60,100,150,80,380,400,450,450,550,660,300,340,270,250,400,400,360,360,40,0,0,0,0,0,0,54,49,50,26,29,23,40,62,33,228,240,225,270,300,343,180,218,164,156,250,264,238,238,400,0,0,0,0,0,0,252,376,294,305,362,383,400,413,412,600,600,500,600,545,519,600,641,607,624,625,660,661,661
