cod_ibge,nome,nume_cid,pgai,tipo_cidd,regiao_num,territ_cid,utr,criacao,area,pop_1996,pop_2000,pop_2007,pop_2008,pop_2009,assoc_mun,reg_pm,art_pm,region_ibg,cod_region,pop_2010,ppa_2012_2,number,regionaliz,areaoficia,reg_tur,nova_regio,nova_reg_o,munic,pib10_1000,pib11_1000,pib12_1000,pib13_1000,pib14_1000,pib15_1000,pib16_1000,pcap_2010,pcap_2011,pcap_2012,pcap_2013,pcap_2014,pcap_2015,pcap_2016
1715150,Novo Alegre,135-Novo Alegre,Outros,Menor impacto re,XVII,Sudeste,Regiao Sudeste,1993,200,1981,2274,1801,1848,1802,Portal do Sudeste-Assoc. Municipios do Sudeste,1ª CIPM - Arraias,1ª CIPM,Dianópolis,17008,2286,Dianópolis,139,Região Sudeste,200.105,Sem Região,Área-Programa Sudeste,X,Novo Alegre,14874.727,16543.263,18075.97,20957.752,21607.297,23634.039,26527.299,6506.88,7233.61,7900.34,8921.99,9194.59,10052.76,11278.61
1715754,Palmeirópolis,129-Palmerópolis,Outros,Menor impacto re,XVI,Sudeste,Regiao Sudeste,1980,1704,7395,7068,8120,8366,8492,,4º BPM - Gurupi,4º BPM,Gurupi,17005,7342,Dianópolis,119,Região Sudeste,1703.936,Sem Região,Área-Programa Sul,IX,Palmeirópolis,60013.336,66062.483,72529.593,85373.97,92594.642,104182.608,111851.432,8173.98,8975.88,9827.86,11233.42,12146.75,13627.55,14590.59
1705557,Combinado,133-Combinado,Outros,Menor impacto re,XVII,Sudeste,Regiao Sudeste,1987,210,4915,4524,4878,5023,5070,Portal do Sudeste-Assoc. Municipios do Sudeste,1ª CIPM - Arraias,1ª CIPM,Dianópolis,17008,4669,Dianópolis,138,Região Sudeste,209.613,Sem Região,Área-Programa Sudeste,X,Combinado,29498.631,36548.235,39796.229,47369.799,50250.802,53659.198,59184.942,6317.98,7807.78,8483.53,9813.51,10384.54,11061.47,12170.46
1702000,Araguaçu,111-Araguaçu,Outros,Menor impacto re,XIV,,<Null>,1958,5168,9801,9346,8989,9244,9225,AMSUL-Associação  dos Municipios do Sul,4º BPM - Gurupi,4º BPM,Rio Formoso,17004,8789,Gurupi,107,Região Metropolitana de Gurupi,5167.886,Sem Região,Área-Programa  Sudoeste( Ilha do Bananal),VIII,Araguaçu,97397.539,102933.963,113535.159,121562.177,138334.16,158035.862,181289.876,11085.54,11771.95,13047.02,13707.96,15680.59,18005.68,20756.8
1711506,Jaú do Tocantins,118-Jaú do Tocantins,Outros,Menor impacto re,XIV,,<Null>,1993,2173,3437,3121,3789,3906,3983,AMSUL-Associação  dos Municipios do Sul,4º BPM - Gurupi,4º BPM,Gurupi,17005,3503,Gurupi,117,Região Metropolitana de Gurupi,2173.038,Sem Região,Área-Programa Sul,IX,Jaú do Tocantins,26877.672,31748.459,33843.647,38722.034,42367.861,47108.345,53395.331,7664.01,8976.1,9490.65,10471.07,11358.68,12525.48,14084.76
1720978,Talismã,122-Talismã,Outros,Menor impacto re,XIV,,<Null>,1997,2157,0,2306,2555,2632,2663,AMSUL-Associação  dos Municipios do Sul,4º BPM - Gurupi,4º BPM,Gurupi,17005,2562,Gurupi,116,Região Metropolitana de Gurupi,2156.892,Sem Região,Área-Programa Sul,IX,Talismã,36606.214,36233.896,42916.815,48191.585,59776.234,66286.493,65840.016,14288.14,14033.27,16500.12,17881.85,22008.92,24218.67,23881.04
1702406,Arraias,132-Arraias,Outros,Capital,XVII,Sudeste,Regiao Sudeste,1914,5787,11551,10984,10626,10928,10913,Portal do Sudeste-Assoc. Municipios do Sudeste,1ª CIPM - Arraias,1ª CIPM,Dianópolis,17008,10643,Dianópolis,135,Região Sudeste,5786.844,Serras Gerais,Área-Programa Sudeste,X,Arraias,117228.788,102543.789,120302.629,157478.443,137000.603,129115.905,143068.742,11014.64,9656.63,11355.73,14536.92,12679.37,11979.58,13306.24
1720259,São Salvador do Tocantins,131-São Salvador do Tocantins,Outros,Menor impacto re,XVI,Sudeste,Regiao Sudeste,1993,1422,2229,2740,3012,3102,3136,,4º BPM - Gurupi,4º BPM,Gurupi,17005,2910,Dianópolis,118,Região Sudeste,1422.025,Sem Região,Área-Programa Sul,IX,São Salvador do Tocantins,31645.884,20839.059,22802.729,25810.172,26709.935,28872.214,32547.819,10874.87,7126.9,7766.6,8518.21,8774.62,9441.53,10598.44
1700707,Alvorada,110-Alvorada,Outros,Menor impacto re,XIV,,<Null>,1963,1212,10219,8508,7976,8200,8161,AMSUL-Associação  dos Municipios do Sul,4º BPM - Gurupi,4º BPM,Gurupi,17005,8379,Gurupi,115,Região Metropolitana de Gurupi,1212.161,Sem Região,Área-Programa Sul,IX,Alvorada,144371.891,214030.73,197774.796,218019.519,227895.808,231814.139,270766.427,17228.15,25589.52,23674.26,25478.5,26666.96,27157.23,31757.73
1720903,Taguatinga,139-Taguatinga,Outros,Capital,XVIII,Sudeste,Regiao Sudeste,1868,2437,13711,13169,14110,14528,14655,Portal do Sudeste-Assoc. Municipios do Sudeste,1ª CIPM - Arraias,1ª CIPM,Dianópolis,17008,15048,Dianópolis,134,Região Sudeste,2437.386,Serras Gerais,Área-Programa Sudeste,X,Taguatinga,110350.203,144029.039,153236.357,193306.482,208493.116,265931.017,218948.067,7330.78,9478.09,9991.94,12133.98,12961.15,16377.08,13361.9
1718840,Sandolândia,120-Sandolândia,Javaés,Menor impacto re,XIV,,<Null>,1993,3529,3495,3332,3443,3543,3562,AMSUL-Associação  dos Municipios do Sul,4º BPM - Gurupi,4º BPM,Rio Formoso,17004,3326,Gurupi,106,Região Metropolitana de Gurupi,3528.609,Sem Região,Área-Programa  Sudoeste( Ilha do Bananal),VIII,Sandolândia,32763.171,37931.14,41454.366,47504.01,52196.59,60075.563,67606.736,9850.62,11404.43,12463.73,13926.71,15302.43,17617.47,19826.02
1716208,Paranã,130-Paranã,Outros,Menor impacto re,XVI,Sudeste,Regiao Sudeste,1857,11260,9270,10416,10491,10794,10824,Portal do Sudeste-Assoc. Municipios do Sudeste,1ª CIPM - Arraias,1ª CIPM,Dianópolis,17008,10316,Dianópolis,128,Região Sudeste,11260.151,Serras Gerais,Área-Programa Sudeste,X,Paranã,199267.87,199032.082,301798.853,255092.918,172785.071,195055.324,193912.635,19280.88,19261.79,29224.25,24099.47,16332.84,18448.44,18349.04
1707652,Figueirópolis,115-Figueirópolis,Outros,Menor impacto re,XIV,,<Null>,1980,1930,6084,5562,4820,4950,4883,AMSUL-Associação  dos Municipios do Sul,4º BPM - Gurupi,4º BPM,Gurupi,17005,5340,Gurupi,114,Região Metropolitana de Gurupi,1930.064,Sem Região,Área-Programa Sul,IX,Figueirópolis,69694.626,83428.82,106075.553,118029.257,131492.944,137387.358,117444.807,13051.43,15673.27,19987.86,21772.6,24337.02,25508.24,21874.61
1720937,Taipas do Tocantins,128-Taipas do Tocantins,Outros,Menor impacto re,XV,Sudeste,Regiao Sudeste,1993,1167,1722,1713,1916,1974,1999,Portal do Sudeste-Assoc. Municipios do Sudeste,2ª CIPM - Dianópolis,2ª CIPM,Dianópolis,17008,1945,Dianópolis,131,Região Sudeste,1116.195,Sem Região,Área-Programa Sudeste,X,Taipas do Tocantins,12508.239,13390.447,14719.8,17365.746,18739.468,20313.421,23377.873,6430.97,6821.42,7430.49,8446.37,9031.07,9700.77,11069.07
1720853,Sucupira,121-Sucupira,Outros,Menor impacto re,XIV,,<Null>,1993,1026,1303,1476,1667,1718,1741,AMSUL-Associação  dos Municipios do Sul,4º BPM - Gurupi,4º BPM,Gurupi,17005,1734,Gurupi,112,Região Metropolitana de Gurupi,1025.515,Sem Região,Área-Programa Sul,IX,Sucupira,20787.516,27022.597,34935.804,37138.524,46223.609,54741.667,36642.241,11953.72,15327.62,19593.83,20009.98,24613.21,28811.4,19074.57
1705607,Conceição do Tocantins,134-Conceição do Tocantins,Outros,Menor impacto re,XVII,Sudeste,Regiao Sudeste,1963,2501,4393,4371,4402,4529,4541,Portal do Sudeste-Assoc. Municipios do Sudeste,2ª CIPM - Dianópolis,2ª CIPM,Dianópolis,17008,4182,Dianópolis,129,Região Sudeste,2500.733,Sem Região,Área-Programa Sudeste,X,Conceição do Tocantins,25436.844,28013.431,30448.401,35732.3,37661.71,41707.962,50420.493,6082.46,6721.07,7331.66,8427.43,8916.12,9909.23,12022.05
1703867,Cariri do Tocantins,112-Cariri do Tocantins,Outros,Menor impacto re,XIV,,<Null>,1993,1129,2473,2990,3562,3672,3738,AMSUL-Associação  dos Municipios do Sul,4º BPM - Gurupi,4º BPM,Gurupi,17005,3753,Gurupi,111,Região Metropolitana de Gurupi,1128.596,Sem Região,Área-Programa Sul,IX,Cariri do Tocantins,63926.721,91631.85,102874.364,127304.221,223166.875,286390.934,295818.776,17028.96,24018.83,26568.79,31409.87,54219.36,68547.38,69801.5
1708205,Formoso do Araguaia,116-Formoso do Araguaia,Javaés,Capital,XIV,,<Null>,1963,13423,18385,18817,18225,18743,18719,AMSUL-Associação  dos Municipios do Sul,4º BPM - Gurupi,4º BPM,Rio Formoso,17004,18251,Gurupi,104,Região Metropolitana de Gurupi,13423.256,Ilha do Bananal,Área-Programa  Sudoeste( Ilha do Bananal),VIII,Formoso do Araguaia,214558.353,234201.504,259929.464,325637.845,326870.174,357366.624,369442.585,11643.06,12729.73,14150.44,17317.48,17411.72,19067.69,19742.56
1716604,Peixe,119-Peixe,Outros,Menor impacto re,XIV,,<Null>,1895,5291,8740,8763,8750,9002,9018,AMSUL-Associação  dos Municipios do Sul,4º BPM - Gurupi,4º BPM,Gurupi,17005,10364,Gurupi,113,Região Metropolitana de Gurupi,5291.182,Ilha do Bananal,Área-Programa Sul,IX,Peixe,421891.769,445360.758,506273.321,511245.891,389475.428,545343.257,512102.132,40609.47,42378.99,47631.32,46162.16,34746.67,48090.23,44658.77
1709500,Gurupi,117-Gurupi,Outros,Capital,XIV,,<Null>,1958,1836,64725,65034,71413,73548,74357,,4º BPM - Gurupi,4º BPM,Gurupi,17005,76275,Gurupi,110,Região Metropolitana de Gurupi,1836.081,Ilha do Bananal,Área-Programa Sul,IX,Gurupi,1234373.556,1259857.351,1468283.288,1616666.264,1661896.594,1842379.355,2033483.182,16079.9,16223.78,18698.29,19765.58,20080.43,22009.86,24028.49
1718006,Porto Alegre do Tocantins,126-Porto Alegre do Tocantins,Outros,Menor impacto re,XV,Sudeste,Regiao Sudeste,1988,502,2463,2393,2830,2917,2968,Portal do Sudeste-Assoc. Municipios do Sudeste,2ª CIPM - Dianópolis,2ª CIPM,Dianópolis,17008,2794,Dianópolis,126,Região Sudeste,501.97,Sem Região,Área-Programa Sudeste,X,Porto Alegre do Tocantins,16061.134,17525.985,19965.118,22535.621,24470.05,27127.626,29802.895,5746.38,6199.5,6988.14,7580.09,8137.7,8926.5,9704.62
1720499,São Valério da Natividade,107-São Valério da Natividade,Outros,Menor impacto re,XIII,Sudeste,Regiao Sudeste,1980,2520,4807,5054,4885,5024,5017,,4º BPM - Gurupi,4º BPM,Dianópolis,17008,4383,Dianópolis,120,Região Sudeste,2519.572,Sem Região,Área-Programa Sudeste,X,São Valério,36556.367,37138.387,40926.487,54167.354,74911.924,89407.203,69729.012,8338.59,8573.03,9557.8,12532.94,17556.11,21216.71,16757.75
1705102,Chapada da Natividade,103-Chapada da Natividade,Outros,Menor impacto re,XIII,Sudeste,Regiao Sudeste,1997,1671,0,3274,3680,3791,3840,Portal do Sudeste-Assoc. Municipios do Sudeste,2ª CIPM - Dianópolis,2ª CIPM,Dianópolis,17008,3276,Dianópolis,122,Região Sudeste,1671.256,Sem Região,Área-Programa Sudeste,X,Chapada da Natividade,27637.364,31173.743,40864.711,43801.982,56448.981,60988.682,61465.337,8426.03,9509.99,12466.35,13028.55,16785.3,18135.2,18276.94
1714203,Natividade,104-Natividade,Outros,Menor impacto re,XIII,Sudeste,Regiao Sudeste,1734,3216,11623,8867,9090,9355,9396,Portal do Sudeste-Assoc. Municipios do Sudeste,2ª CIPM - Dianópolis,2ª CIPM,Dianópolis,17008,9000,Dianópolis,124,Região Sudeste,3215.903,Serras Gerais,Área-Programa Sudeste,X,Natividade,66308.32,80041.917,81543.822,112952.043,109595.28,121954.967,124821.417,7367.59,8882.69,9039.33,12187.32,11811.11,13126.14,13420.21
1718907,Santa Rosa do Tocantins,106-Santa Rosa do Tocantins,Outros,Menor impacto re,XIII,,Regiao Sudeste,1988,1796,3764,4316,4417,4545,4565,,5º BPM - Porto Nacional,5º BPM,Dianópolis,17008,4568,Dianópolis,121,Região Metropolitana de Palmas,1796.248,Sem Região,Área-Programa Sudeste,X,Santa Rosa do Tocantins,42419.266,55331.14,65130.882,76075.32,93430.721,109430.261,87264.85,9286.18,12059.97,14137.37,16009.12,19574.84,22826.5,18127.31
1700350,Aliança do Tocantins,109-Aliança do Tocantins,Outros,Menor impacto re,XIV,,<Null>,1988,1580,7201,6177,5701,5860,5822,OMCO-Organização Municipios do Centro Oeste,4º BPM - Gurupi,4º BPM,Gurupi,17005,5651,Gurupi,109,Região Metropolitana de Gurupi,1579.742,Sem Região,Área-Programa Sul,IX,Aliança do Tocantins,46763.86,51979.437,52878.846,63293.808,64886.927,73158.421,94295.118,8257.79,9227.67,9451.09,11131.52,11494.58,13052.35,16944.32
1706258,Crixás do Tocantins,113-Crixás do Tocantins,Outros,Menor impacto re,XIV,,<Null>,1997,987,0,1384,1264,1299,1289,OMCO-Organização Municipios do Centro Oeste,4º BPM - Gurupi,4º BPM,Gurupi,17005,1566,Gurupi,108,Região Metropolitana de Gurupi,986.689,Sem Região,Área-Programa Sul,IX,Crixás do Tocantins,18920.415,20520.447,24688.119,25061.055,29517.425,37604.364,39209.026,12082,13004.09,15507.61,15179.32,17717.54,22383.55,23145.82
1707306,Dueré,114-Dueré,Javaés,Menor impacto re,XIV,,<Null>,1958,3425,4190,4565,4489,4617,4618,AMSUL-Associação  dos Municipios do Sul,4º BPM - Gurupi,4º BPM,Rio Formoso,17004,4588,Gurupi,105,Região Metropolitana de Gurupi,3424.836,Sem Região,Área-Programa  Sudoeste( Ilha do Bananal),VIII,Dueré,55728.945,68883.09,70078.119,78198.595,92607.369,116330.263,125620.667,12144.03,14990.88,15244.32,16574.52,19620.21,24635.8,26586.38
1700400,Almas,123-Almas,Outros,Menor impacto re,XV,Sudeste,Regiao Sudeste,1958,4021,7747,8474,7488,7692,7605,Portal do Sudeste-Assoc. Municipios do Sudeste,2ª CIPM - Dianópolis,2ª CIPM,Dianópolis,17008,7540,Dianópolis,125,Região Sudeste,4021.111,Serras Gerais,Área-Programa Sudeste,X,Almas,62942.269,73073.801,83699.413,93825.502,107424.032,119955.233,125462.66,8287.33,9719.85,11231.81,12422.28,14361.5,16190.48,17093.01
1717008,Pindorama do Tocantins,105-Pindorama do Tocantins,Outros,Menor impacto re,XIII,Sudeste,Regiao Sudeste,1963,1559,4716,4685,4397,4521,4500,Portal do Sudeste-Assoc. Municipios do Sudeste,5º BPM - Porto Nacional,5º BPM,Dianópolis,17008,4506,Dianópolis,123,Região Sudeste,1559.08,Sem Região,Área-Programa Sudeste,X,Pindorama do Tocantins,27275.386,30902.829,33522.411,38520.136,41957.526,44279.528,48550.865,6053.13,6877.99,7484.35,8417.86,9197.18,9738.19,10708.17
1709807,Ipueiras,66-Ipueiras do Tocantins,Outros,Menor impacto re,IX,,,,815,0,1166,1698,1754,1813,OMCO-Organização Municipios do Centro Oeste,5º BPM - Porto Nacional,5º BPM,Porto Nacional,17006,1639,Palmas,92,Região Metropolitana de Palmas,815.25,Serras e Lago,Área-Programa Central,VI,Ipueiras,15535.533,20869.825,24957.572,27535.767,30945.199,30310.98,30276.69,9478.67,12452.16,14586.54,15263.73,16790.67,16114.29,15785.55
1720655,Silvanópolis,108-Silvanópolis,Outros,Menor impacto re,XIII,,<Null>,1988,1259,4974,4725,5098,5250,5299,,5º BPM - Porto Nacional,5º BPM,Porto Nacional,17006,5071,Dianópolis,93,Região Metropolitana de Palmas,1258.824,Sem Região,Área-Programa Central,VI,Silvanópolis,46899.994,73931.051,81054.589,78217.175,104921.812,114823.384,115055.071,9248.67,14510.51,15830.97,14788.65,19729.56,21482.39,21417.55
1703701,Brejinho de Nazaré,64-Brejinho de Nazaré,Outros,Menor impacto re,IX,,<Null>,1958,1724,5932,4877,5295,5452,5506,OMCO-Organização Municipios do Centro Oeste,5º BPM - Porto Nacional,5º BPM,Gurupi,17005,5181,Palmas,90,Região Metropolitana de Palmas,1724.441,Serras e Lago,Área-Programa Central,VI,Brejinho de Nazaré,48612.395,64337.429,68074.046,77798.563,89373.628,95908.502,89586.312,9370.16,12351.21,13011.09,14407.14,16471.37,17594.66,16362.8
1718899,Santa Rita do Tocantins,94-Santa Rita Tocantins,Javaés,Menor impacto re,XI,,<Null>,1997,3275,0,1852,2260,2330,2377,OMCO-Organização Municipios do Centro Oeste,8º BPM - Paraíso,8º BPM,Gurupi,17005,2124,Paraíso do Tocantins,89,Região Metropolitana de Gurupi,3274.93,Sem Região,Área-Programa Central,VI,Santa Rita do Tocantins,22945.922,24764.432,28556.006,32596.045,41866.695,46002.912,49723.684,10782.86,11518.34,13159.45,14455.01,18378.71,20001.27,21414.16
1707553,Fátima,65-Fátima,Outros,Menor impacto re,IX,,<Null>,1983,383,4219,3848,3984,4101,4123,OMCO-Organização Municipios do Centro Oeste,8º BPM - Paraíso,8º BPM,Rio Formoso,17004,3805,Palmas,88,Região Metropolitana de Palmas,382.908,Sem Região,Área-Programa Central,VI,Fátima,33906.04,37425.107,37691.222,43961.347,52263.131,60454.135,60585.163,8910.92,9843.53,9921.35,11295.31,13438.71,15556.91,15606.69
1715507,Oliveira de Fátima,70-Oliveira de Fátima,Outros,Menor impacto re,IX,,<Null>,1997,206,0,958,1081,1114,1129,OMCO-Organização Municipios do Centro Oeste,8º BPM - Paraíso,8º BPM,Rio Formoso,17004,1035,Palmas,87,Região Metropolitana de Palmas,205.849,Sem Região,Área-Programa Central,VI,Oliveira de Fátima,11237.551,12234.363,14045.352,17282.708,18135.972,18408.306,18500.656,10857.54,11718.74,13389.28,15928.76,16623.26,16765.31,16757.84
1711902,Lagoa da Confusão,87-Lagoa da Confusão,Javaés,Menor impacto re,XI,,<Null>,1993,10565,4956,6168,8220,8481,8711,OMCO-Organização Municipios do Centro Oeste,8º BPM - Paraíso,8º BPM,Rio Formoso,17004,9971,Paraíso do Tocantins,102,Região Metropolitana de Gurupi,10564.512,Ilha do Bananal,Área-Programa  Sudoeste( Ilha do Bananal),VIII,Lagoa da Confusão,170220.104,204658.162,260997.856,329551.678,447045.452,454390.046,468635.218,16663.74,19452.35,24119.57,28594.51,37696.72,37294,37487.82
1706100,Cristalândia,85-Cristalândia,Javaés,Menor impacto re,XI,,<Null>,1953,1848,8670,7318,6520,6698,6628,OMCO-Organização Municipios do Centro Oeste,8º BPM - Paraíso,8º BPM,Rio Formoso,17004,7165,Paraíso do Tocantins,103,Região Metropolitana de Gurupi,1848.231,Sem Região,Área-Programa  Sudoeste( Ilha do Bananal),VIII,Cristalândia,54392.683,61108.878,67724.527,82712.095,86668.277,98548.866,113432.095,7535.7,8454.47,9377.53,11178.82,11723.02,13342.66,15370.2
1715002,Nova Rosalândia,90-Nova Rosalândia,Outros,Menor impacto re,XI,,<Null>,1988,489,3591,3190,3772,3888,3956,OMCO-Organização Municipios do Centro Oeste,8º BPM - Paraíso,8º BPM,Rio Formoso,17004,3770,Paraíso do Tocantins,79,Região Metropolitana de Gurupi,488.636,Sem Região,Área-Programa Centro-Oeste,V,Nova Rosalândia,22874.496,24673.635,27753.274,30301.198,38696.32,40682.904,49938.834,6067.51,6467.53,7193.69,7541.36,9517.05,9891.3,12007.41
1717909,Ponte Alta do Tocantins,99-Ponte Alta do Tocantins,Outros,Menor impacto re,XII,Jalapão,Regiao Jalapao_Sede,1958,6491,6579,6172,6569,6763,6818,Portal do Sudeste-Assoc. Municipios do Sudeste,5º BPM - Porto Nacional,5º BPM,Jalapão,17007,7180,Ponte Alta do Tocantins,100,Região do Jalapão,6491.089,Encantos do Jalapão,Área-Programa leste( Jalapão),VII,Ponte Alta do Tocantins,41894.808,47511.292,52353.621,59150.662,65873.867,68533.671,76131.267,5834.93,6546.06,7139.45,7754.41,8541.74,8794.26,9671.15
1718451,Pugmil,93-Pugmil,Outros,Menor impacto re,XI,,<Null>,1997,402,0,1989,2165,2230,2252,OMCO-Organização Municipios do Centro Oeste,8º BPM - Paraíso,8º BPM,Rio Formoso,17004,2365,Paraíso do Tocantins,78,Região Metropolitana de Palmas,401.689,Sem Região,Área-Programa Centro-Oeste,V,Pugmil,45686.914,31467.399,30237.694,38344.104,49120.051,44426.068,53839.269,19309.77,13116.88,12458.88,15161.77,19180.03,17146.3,20541.5
1713601,Monte do Carmo,69-Monte do Carmo,Outros,Menor impacto re,IX,,<Null>,1963,3617,5979,5193,6387,6586,6723,,5º BPM - Porto Nacional,5º BPM,Porto Nacional,17006,6708,Palmas,91,Região Metropolitana de Palmas,3616.655,Serras e Lago,Área-Programa Central,VI,Monte do Carmo,54331.183,67588.331,72953.991,81917.739,118734.863,118830.259,129412.318,8088.61,9891.46,10503.02,11243.17,16019.27,15770.44,16907.8
1719004,Santa Tereza do Tocantins,101-Santa Tereza do Tocantins,Outros,Menor impacto re,XII,Jalapão,Regiao Jalapao,1988,540,2155,2114,2297,2366,2390,,6º BPM - Palmas - Região Sul (Taquaralto),6º BPM,Jalapão,17007,2523,Ponte Alta do Tocantins,98,Região do Jalapão,539.908,Sem Região,Área-Programa leste( Jalapão),VII,Santa Tereza do Tocantins,16501.974,18037.532,19934.711,22414.989,23102.285,24716.002,27731.805,6540.62,7059.7,7711.69,8317.25,8465.48,8948.59,9925.49
1711951,Lagoa do Tocantins,95-Lagoa do Tocantins,Outros,Menor impacto re,XII,Jalapão,Regiao Jalapao,1993,911,2618,2530,3179,3278,3352,,6º BPM - Palmas - Região Sul (Taquaralto),6º BPM,Jalapão,17007,3525,Ponte Alta do Tocantins,99,Região do Jalapão,911.336,Sem Região,Área-Programa leste( Jalapão),VII,Lagoa do Tocantins,17744.236,21863.965,22790.793,28512.966,30831.852,33124.285,34788.807,5033.83,6069.95,6199.89,7358.18,7791.72,8205.17,8454.15
1716109,Paraíso do Tocantins,91-Paraíso do Tocantins,Outros,Capital,XI,,<Null>,1963,1297,34251,36130,40290,41500,42015,,8º BPM - Paraíso,8º BPM,Rio Formoso,17004,44081,Paraíso do Tocantins,77,Região Metropolitana de Palmas,1297.018,Serras e Lago,Área-Programa Centro-Oeste,V,Paraíso do Tocantins,570080.042,643406.516,764692.816,841619.966,902189.881,1011002.86,1221527.525,12830.39,14280.79,16744.24,17635.15,18636.82,20600.76,24564.67
1718204,Porto Nacional,72-Porto Nacional,Outros,Capital,IX,,<Null>,1861,4450,43365,44991,45289,46598,46722,,5º BPM - Porto Nacional,5º BPM,Porto Nacional,17006,49012,Palmas,86,Região Metropolitana de Palmas,4449.892,Serras e Lago,Área-Programa Central,VI,Porto Nacional,550115.308,699644.733,866502.274,923420.675,1118548.341,1372033.927,1528242.287,11194.17,14144.24,17408.73,17930.15,21574.44,26293.24,29103.83
1704600,Chapada de Areia,84-Chapada de Areia,Javaés,Menor impacto re,XI,,<Null>,1997,659,0,1270,1239,1274,1273,MESOESTE-Associação Municipios do Meio Oeste,8º BPM - Paraíso,8º BPM,Rio Formoso,17004,1335,Paraíso do Tocantins,74,Região do Cantão,659.244,Sem Região,Área-Programa Centro-Oeste,V,Chapada de Areia,11127.326,12499.218,13609.13,15410.54,17096.036,19605.53,21829.058,8335.08,9327.77,10118.31,11118.72,12290.46,14034.02,15569.94
1721000,Palmas,71-Palmas,Outros,Capital,IX,,<Null>,1989,2219,86116,137355,178386,184010,188645,,1º BPM - Palmas - Região Norte e Central,1º BPM,Porto Nacional,17006,223817,Palmas,85,Região Metropolitana de Palmas,2218.934,Serras e Lago,Área-Programa Central,VI,Palmas,4102952.289,4407183.559,4886729.376,5794789.22,6593223.656,7394462.683,8100688.649,17971.99,18728.79,20187.26,22468.78,24841.75,27113.16,28945.92
1715101,Novo Acordo,98-Novo Acordo,Outros,Menor impacto re,XII,Jalapão,Regiao Jalapao,1958,2675,2963,3057,3754,3870,3950,,6º BPM - Palmas - Região Sul (Taquaralto),6º BPM,Jalapão,17007,3762,Ponte Alta do Tocantins,96,Região do Jalapão,2671.882,Encantos do Jalapão,Área-Programa leste( Jalapão),VII,Novo Acordo,21269.607,27493.366,28888.063,32819.435,37529.215,40814.111,42275.108,5653.8,7202.87,7466.55,8117.59,9151.24,9815.8,10034.44
1720150,São Félix do Tocantins,102-São Félix do Tocantins,Outros,Menor impacto re,XII,Jalapão,Regiao Jalapao,1993,1909,1155,1269,1409,1451,1468,,6ª CIPM - Miracema do Tocantins,6ª CIPM,Jalapão,17007,1445,Ponte Alta do Tocantins,97,Região do Jalapão,1908.669,Encantos do Jalapão,Área-Programa leste( Jalapão),VII,São Félix do Tocantins,11116.648,12082.346,12647.396,14055.179,14151.166,15009.089,17950.908,7693.18,8332.65,8644.84,9259.01,9237.05,9714.62,11514.37
1713700,Monte Santo do Tocantins,89-Monte Santo,Outros,Menor impacto re,XI,,<Null>,1997,1092,0,1869,1858,1911,1914,MESOESTE-Associação Municipios do Meio Oeste,8º BPM - Paraíso,8º BPM,Miracema do Tocantins,17003,2085,Paraíso do Tocantins,75,Região do Cantão,1091.548,Sem Região,Área-Programa Centro-Oeste,V,Monte Santo do Tocantins,15467.009,18724.813,20538.347,24667.407,27865.825,30087.109,38971.867,7418.23,8908.09,9697.05,11232.88,12591.88,13485.93,17336.24
1701101,Aparecida do Rio Negro,63-Aparecida do Rio Negro,Outros,Menor impacto re,IX,,<Null>,1987,1160,3646,3517,4018,4140,4200,,6º BPM - Palmas - Região Sul (Taquaralto),6º BPM,Porto Nacional,17006,4207,Palmas,84,Região Metropolitana de Palmas,1160.363,Sem Região,Área-Programa Central,VI,Aparecida do Rio Negro,32140.857,47883.714,51983.174,59320.026,72659.61,71286.248,73532.677,7628.97,11221.87,12035.93,13170.52,15930.63,15436.61,15739.01
1703107,Barrolândia,82-Barrolândia,Outros,Menor impacto re,XI,,<Null>,1988,713,5477,5082,5155,5304,5322,,8º BPM - Paraíso,8º BPM,Miracema do Tocantins,17003,5317,Paraíso do Tocantins,76,Região Metropolitana de Palmas,713.297,Sem Região,Área-Programa Centro-Oeste,V,Barrolândia,38099.209,46217.428,46669.042,53919.962,55471.549,61090.503,71681.154,7126.68,8606.6,8658.45,9703.07,9942.92,10907.07,12750.12
1712009,Lajeado,67-Lajeado,Outros,Menor impacto re,IX,,<Null>,1993,322,1397,2344,2159,2219,2204,,6ª CIPM - Miracema do Tocantins,6ª CIPM,Porto Nacional,17006,2773,Palmas,83,Região Metropolitana de Palmas,322.481,Serras e Lago,Área-Programa Central,VI,Lajeado,29084.035,30949.276,35119.197,43321.209,47444.904,54900.59,58014.529,10488.29,11029.68,12374.63,14655.35,15862.56,18142.96,18965.19
1712504,Marianópolis do Tocantins,88-Marianópolis do Tocantins,Outros,Menor impacto re,XI,,<Null>,1987,2091,2605,3332,4473,4616,4743,MESOESTE-Associação Municipios do Meio Oeste,8º BPM - Paraíso,8º BPM,Miracema do Tocantins,17003,4352,Paraíso do Tocantins,72,Região do Cantão,2091.364,Sem Região,Área-Programa Centro-Oeste,V,Marianópolis do Tocantins,34235.249,40835.127,44316.325,60716.232,66025.191,82551.638,100281.287,7866.56,9215.78,9832.78,12836.41,13715.25,16861.04,20152.99
1713205,Miracema do Tocantins,68-Miracema do Tocantins,Outros,Capital,IX,,<Null>,1948,2656,17483,24444,19683,20194,19740,,6ª CIPM - Miracema do Tocantins,6ª CIPM,Miracema do Tocantins,17003,20567,Palmas,81,Região Metropolitana de Palmas,2656.078,Sem Região,Área-Programa Central,VI,Miracema do Tocantins,411917.043,427504.533,489446.809,417035.777,394293.921,503060.481,645715.858,19907.07,20960.21,24330.01,20601.48,19779.97,25621.9,33387.58
1707108,Divinópolis do Tocantins,86-Divinópolis do Tocantins,Outros,Menor impacto re,XI,,<Null>,1987,2347,6476,5776,6359,6549,6623,MESOESTE-Associação Municipios do Meio Oeste,8º BPM - Paraíso,8º BPM,Miracema do Tocantins,17003,6363,Paraíso do Tocantins,73,Região do Cantão,2347.421,Sem Região,Área-Programa Centro-Oeste,V,Divinópolis do Tocantins,51343.408,59753.379,66497.429,73311.136,80647.625,97207.787,115666.35,8069.06,9323.35,10306.48,10973.08,11985.08,14343.78,16952.42
1721109,Tocantínia,73-Tocantínia,Outros,Menor impacto re,IX,,<Null>,1953,2602,5169,5788,6663,6866,6971,,6ª CIPM - Miracema do Tocantins,6ª CIPM,Porto Nacional,17006,6598,Palmas,82,Região Metropolitana de Palmas,2601.587,Sem Região,Área-Programa Central,VI,Tocantínia,31115.047,37154.421,43214.504,47927.389,49172.334,58998.008,61070.485,4715.83,5456.66,6281.18,6695.64,6795.51,8067.55,8267.29
1718758,Rio Sono,100-Rio Sono,Outros,Menor impacto re,XII,Jalapão,Regiao Jalapao,1982,6357,6531,6089,6167,6345,6366,,3º BPM - Pedro Afonso,3º BPM,Jalapão,17007,6148,Ponte Alta do Tocantins,94,Região do Jalapão,6357.117,Sem Região,Área-Programa leste( Jalapão),VII,Rio Sono,31833.855,36775.486,40343.522,46332.159,49707.954,53285.104,59488.243,5086.09,5868.12,6425.15,7173.27,7679.28,8215.4,9152.04
1717503,Pium,92-Pium,Javaés,Menor impacto re,XI,,<Null>,1953,10013,6733,5540,6403,6598,6701,MESOESTE-Associação Municipios do Meio Oeste,8º BPM - Paraíso,8º BPM,Rio Formoso,17004,6584,Paraíso do Tocantins,71,Região do Cantão,10012.666,Lagos e Praias do Cantão,Área-Programa Centro-Oeste,V,Pium,58394.945,63949.137,74047.762,80496.068,99345.388,115756.594,150979.611,8720.87,9427.85,10779.99,11229.92,13676.4,15734.21,20273.88
1713304,Miranorte,60-Miranorte,Outros,Menor impacto re,VIII,,<Null>,1963,1032,10774,11802,11858,12200,12231,,6ª CIPM - Miracema do Tocantins,6ª CIPM,Miracema do Tocantins,17003,12583,Guaraí,70,Região Metropolitana de Palmas,1031.616,Sem Região,Área-Programa Centro-Oeste,V,Miranorte,109322.964,116523.833,120792.99,146538.741,168698.659,203125.292,219094.067,8658.56,9184.51,9476.19,11131.78,12749.29,15274.88,16395.57
1700251,Abreulândia,81-Abreulândia,Outros,Menor impacto re,XI,,<Null>,1993,1895,1957,2189,2245,2310,2321,MESOESTE-Associação Municipios do Meio Oeste,8º BPM - Paraíso,8º BPM,Miracema do Tocantins,17003,2383,Paraíso do Tocantins,69,Região do Cantão,1895.201,Sem Região,Área-Programa Centro-Oeste,V,Abreulândia,16234.443,18709.732,20746.03,26612.781,27178.314,37328.349,47385.848,6801.19,7773.05,8565.66,10619.63,10772.22,14701.99,18546.32
1703909,Caseara,83-Caseara,Outros,Menor impacto re,XI,,<Null>,1987,1692,3625,3660,4667,4813,4927,MESOESTE-Associação Municipios do Meio Oeste,8º BPM - Paraíso,8º BPM,Miracema do Tocantins,17003,4601,Paraíso do Tocantins,68,Região do Cantão,1691.612,Lagos e Praias do Cantão,Área-Programa Centro-Oeste,V,Caseara,28715.478,34014.039,42863.408,56380.414,66645.6,64810.549,161633.837,6241.14,7277.29,9035.29,11355.57,13215.47,12660.78,31125.33
1718709,Rio dos Bois,61-Rio dos Bois,Outros,Menor impacto re,VIII,,<Null>,1993,845,2042,2269,2092,2150,2136,,6ª CIPM - Miracema do Tocantins,6ª CIPM,Miracema do Tocantins,17003,2570,Guaraí,80,Região Metropolitana de Palmas,845.062,Sem Região,Área-Programa Central,VI,Rio dos Bois,25883.953,23276.431,25289.375,27164.575,41324.786,37084.949,36742.165,10071.58,8973.18,9667.19,10005.37,15082.04,13417.13,13183.41
1716505,Pedro Afonso,78-Pedro Afonso,Outros,Capital,X,,Regiao Nordeste_Sede,1903,2011,8648,9028,10294,10605,10758,,3º BPM - Pedro Afonso,3º BPM,Porto Nacional,17006,11510,Guaraí,65,Região Nordeste,2010.892,Sem Região,Área-Programa Nordeste,IV,Pedro Afonso,175468.04,323050.37,345733.027,420241.887,691775.998,586469.433,609812.89,15202.57,27535.83,29006.88,33646.27,54479.13,45462.75,46561.27
1708254,Tabocão,57-Fortaleza do Tabocão,Outros,Menor impacto re,VIII,,<Null>,1993,622,2315,2242,2101,2160,2149,,7º BPM - Guaraí,7º BPM,Miracema do Tocantins,17003,2411,Guaraí,54,Região Metropolitana de Palmas,621.558,Sem Região,Área-Programa Noroeste,III,Fortaleza do Tabocão,59252.173,68688.741,79394.355,104410.509,120635.023,137466.222,134559.783,24454.05,28232.12,32458.85,41317.97,47456.74,53781.78,52357.89
1712405,Lizarda,96-Lizarda,Outros,Menor impacto re,XII,Jalapão,Regiao Jalapao,1953,5723,4085,3787,3634,3737,3729,,3º BPM - Pedro Afonso,3º BPM,Jalapão,17007,3731,Ponte Alta do Tocantins,95,Região do Jalapão,5723.201,Sem Região,Área-Programa leste( Jalapão),VII,Lizarda,18046.067,19596.984,21711.015,24964.56,26998.442,30967.076,33505.249,4836.79,5266.59,5842.58,6559.26,7102.98,8157.82,8838.1
1707207,Dois Irmãos do Tocantins,56-Dois Irmãos do Tocantins,Outros,Menor impacto re,VIII,,<Null>,1963,3757,7554,7269,7060,7261,7254,MESOESTE-Associação Municipios do Meio Oeste,8º BPM - Paraíso,8º BPM,Miracema do Tocantins,17003,7161,Guaraí,67,Região do Cantão,3757.015,Sem Região,Área-Programa Centro-Oeste,V,Dois Irmãos do Tocantins,46594.272,54146.217,58789.518,69385.894,70479.256,79789.965,91628.061,6506.67,7569.72,8228.06,9480.24,9640.17,10927.14,12562.11
1703305,Bom Jesus do Tocantins,74-Bom Jesus do Tocantins,Outros,Menor impacto re,X,,Regiao Nordeste,1993,1333,2279,2323,2710,2793,2839,,3º BPM - Pedro Afonso,3º BPM,Porto Nacional,17006,3768,Guaraí,63,Região Nordeste,1332.665,Sem Região,Área-Programa Nordeste,IV,Bom Jesus do Tocantins,28849.247,32779.6,44726.109,45052.334,71086.957,60934.796,61566.691,7656.38,8450.53,11217.99,10623.05,16300.61,13610.63,13413.22
1704105,Centenário,75-Centenário,Outros,Menor impacto re,X,,Regiao Nordeste,1993,1955,2189,2163,2386,2457,2485,,3º BPM - Pedro Afonso,3º BPM,Jalapão,17007,2564,Guaraí,64,Região Nordeste,1954.688,Sem Região,Área-Programa Nordeste,IV,Centenário,15278.861,17161.337,20555.022,20081.277,24603.095,28078.149,30300.228,5956.67,6608.14,7824.52,7336.97,8878.78,10017.18,10687.91
1721257,Tupirama,62-Tupirama,Outros,Menor impacto re,VIII,,<Null>,1997,712,0,1179,1405,1448,1474,,3º BPM - Pedro Afonso,3º BPM,Miracema do Tocantins,17003,1574,Guaraí,55,Região Metropolitana de Araguaína,712.202,Sem Região,Área-Programa Noroeste,III,Tupirama,26070.701,27996.802,50326.617,79472.327,68282.034,47484.558,46019.463,16563.34,17443.49,30799.64,46258.63,38996.02,26646.78,25383.05
1708304,Goianorte,58-Goianorte,Outros,Menor impacto re,VIII,,<Null>,1988,1801,5134,4839,5221,5376,5426,,7º BPM - Guaraí,7º BPM,Miracema do Tocantins,17003,4960,Guaraí,51,Região Médio Araguaia,1800.974,Sem Região,Área-Programa Noroeste,III,Goianorte,33663.157,37129.669,40082.607,46538.41,51233.556,55482.17,65702.419,6786.93,7478.28,8058.43,9098.42,9996.79,10804.71,12772.63
1718881,Santa Maria do Tocantins,80-Santa Maria do Tocantins,Outros,Menor impacto re,X,,Regiao Nordeste,1993,1410,2187,2226,2673,2755,2807,,3º BPM - Pedro Afonso,3º BPM,Porto Nacional,17006,2894,Guaraí,62,Região Nordeste,1410.446,Sem Região,Área-Programa Nordeste,IV,Santa Maria do Tocantins,19746.404,21849.583,24538.303,32538.798,36471.405,45500.398,44225.883,6823.22,7416.69,8193.09,10352.78,11404.44,13991.51,13381.51
1716703,Colméia,55-Colméia,Outros,Menor impacto re,VIII,,<Null>,1980,991,9141,9352,8759,9005,8961,,7º BPM - Guaraí,7º BPM,Miracema do Tocantins,17003,8604,Guaraí,52,Região Médio Araguaia,990.712,Sem Região,Área-Programa Noroeste,III,Colméia,65866.626,77872.76,81906.454,96698.394,101467.956,109808.684,132724.819,7652.68,9102.6,9636.05,11189.35,11824.72,12885.32,15679.25
1701903,Araguacema,54-Araguacema,Outros,Menor impacto re,VIII,,<Null>,1937,2778,4712,5414,5423,5579,5591,MESOESTE-Associação Municipios do Meio Oeste,8º BPM - Paraíso,8º BPM,Miracema do Tocantins,17003,6317,Guaraí,66,Região do Cantão,2778.452,Lagos e Praias do Cantão,Área-Programa Centro-Oeste,V,Araguacema,37093.882,45328.182,52349.884,58671.507,68913.71,74799.627,94605.446,5872.07,7096.94,8111.23,8736.08,10147.8,10898.97,13643.7
1718501,Recursolândia,79-Recursolândia,Outros,Menor impacto re,X,,Regiao Nordeste,1993,1217,3051,3138,3665,3777,3839,,3º BPM - Pedro Afonso,3º BPM,Jalapão,17007,3768,Guaraí,60,Região Nordeste,2216.65,Sem Região,Área-Programa Nordeste,IV,Recursolândia,21001.843,25618.116,27466.295,30677.223,32903.57,38136.473,41727.922,5573.74,6711.58,7108.25,7614.1,8062.62,9229.54,9977.98
1718402,Presidente Kennedy,49-Presidente Kennedy,Outros,Menor impacto re,VI,,<Null>,1971,770,4146,3759,3680,3785,3784,,7º BPM - Guaraí,7º BPM,Miracema do Tocantins,17003,3676,Colinas do Tocantins,49,Região Metropolitana de Araguaína,770.418,Sem Região,Área-Programa Noroeste,III,Presidente Kennedy,40119.15,51184.78,54358.588,72121.75,41814.051,45711.013,50389.001,10887.15,13924.04,14811.6,19201.74,11150.41,12209.14,13480.2
1706001,Couto de Magalhães,44-Couto de Magalhães,Outros,Menor impacto re,VI,,<Null>,1963,1586,4358,4335,4887,5035,5102,,7º BPM - Guaraí,7º BPM,Miracema do Tocantins,17003,5009,Colinas do Tocantins,46,Região Médio Araguaia,1585.773,Sem Região,Área-Programa Noroeste,III,Couto Magalhães,38466.325,40695.194,47329.733,55499.95,58613.502,76716.792,78518.488,7679.44,8040.94,9260.37,10444.1,10914.99,14143.95,14336.04
1711100,Itaporã do Tocantins,45-Itaporã do Tocantins,Outros,Menor impacto re,VI,,<Null>,1963,919,3214,2522,2989,3080,3135,,7º BPM - Guaraí,7º BPM,Miracema do Tocantins,17003,2428,Colinas do Tocantins,47,Região Médio Araguaia,918.916,Sem Região,Área-Programa Noroeste,III,Itaporã do Tocantins,22390.495,25456.932,27516.281,30358.501,33729.319,38490.91,42184.858,9180.19,10433.17,11304.96,12201.97,13589.57,15545.6,17078.89
1710508,Itacajá,76-Itacajá,Outros,Menor impacto re,X,,Regiao Nordeste,1953,3051,6549,6815,6386,6565,6534,,3º BPM - Pedro Afonso,3º BPM,Jalapão,17007,7104,Guaraí,59,Região Nordeste,3051.341,Sem Região,Área-Programa Nordeste,IV,Itacajá,49459.081,53492.903,59189.604,71811.579,78295.393,78677.911,85164.356,6962.15,7505.67,8280.58,9753.03,10597.64,10616.37,11456.06
1703602,Brasilândia do Tocantins,42-Brasilândia do Tocantins,Outros,Menor impacto re,VI,,<Null>,1993,641,1761,1923,2119,2183,2208,,3ª CIPM - Colinas do Tocantins,3ª CIPM,Miracema do Tocantins,17003,2061,Colinas do Tocantins,48,Região Metropolitana de Araguaína,641.464,Sem Região,Área-Programa Noroeste,III,Brasilândia do Tocantins,18970.24,21270.27,26581.67,31569.963,34646.375,39754.948,39484.278,9182.11,10250.73,12742.89,14656.44,15995.56,18261.35,18045.83
1721307,Tupiratins,50-Tupiratins,Outros,Menor impacto re,VI,,<Null>,1993,895,1313,1365,2007,2072,2143,,3º BPM - Pedro Afonso,3º BPM,Miracema do Tocantins,17003,2092,Colinas do Tocantins,50,Região Metropolitana de Araguaína,895.302,Sem Região,Área-Programa Noroeste,III,Tupiratins,21176.273,16958.617,26537.634,21890.747,25997.614,24533.339,28050.789,10098.37,7873.08,12018.86,9347.03,10823.32,9968.85,11140.11
1716653,Pequizeiro,48-Pequizeiro,Outros,Menor impacto re,VI,,<Null>,1987,1210,3574,4591,4799,4940,4971,,7º BPM - Guaraí,7º BPM,Miracema do Tocantins,17003,5050,Colinas do Tocantins,44,Região Médio Araguaia,1209.798,Sem Região,Área-Programa Noroeste,III,Pequizeiro,35157.734,39594.484,43244.047,49020.671,56680.941,70727.079,73133.427,6959.17,7778.88,8439.51,9240.47,10606.46,13143.85,13498.23
1711803,Juarina,46-Juarina,Outros,Menor impacto re,VI,,<Null>,1989,481,2376,2333,2141,2200,2185,,7º BPM - Guaraí,7º BPM,Miracema do Tocantins,17003,2228,Colinas do Tocantins,43,Região Médio Araguaia,481.046,Sem Região,Área-Programa Noroeste,III,Juarina,14853.236,16228.61,17744.329,20054.566,21243.246,29237.838,32850.368,6657.66,7297.04,8007.37,8865.86,9428.87,13023.54,14685.01
1710904,Itapiratins,77-Itapiratins,Outros,Menor impacto re,X,,Regiao Nordeste,1993,1244,3392,3277,3421,3521,3543,,3º BPM - Pedro Afonso,3º BPM,Jalapão,17007,3514,Guaraí,58,Região Nordeste,1243.954,Sem Região,Área-Programa Nordeste,IV,Itapiratins,29689.05,32553.717,37936.183,48079.888,59216.474,55776.891,53002.353,8400.98,9164.9,10623.41,13029.78,15957.01,14945.58,14126.43
1703842,Campos Lindos,52-Campos Lindos,Outros,Menor impacto re,VII,,Regiao Nordeste,1993,3240,5102,5638,7615,7858,8079,,2º BPM - Araguaína,2º BPM,Jalapão,17007,8139,Araguaína,61,Região Nordeste,3240.156,Sem Região,Área-Programa Nordeste,IV,Campos Lindos,161232.729,205545.591,276422.117,286957.865,381718.359,314382.808,274355.477,19809.89,24672.38,32455.34,31884.21,41459.58,33416.54,28566.79
1705508,Colinas do Tocantins,43-Colinas do Tocantins,Outros,Menor impacto re,VI,,<Null>,1963,844,24474,25301,29298,30190,30666,,3ª CIPM - Colinas do Tocantins,3ª CIPM,Araguaína,17002,30370,Colinas do Tocantins,45,Região Metropolitana de Araguaína,843.84,Sem Região,Área-Programa Noroeste,III,Colinas do Tocantins,314490.964,351447.411,406844.779,472128.1,490488.95,577207.914,637263.8,10184.62,11241.64,12844.35,14273.18,14626.18,16986.2,18516.5
1703206,Bernardo Sayão,41-Bernardo Sayão,Outros,Menor impacto re,VI,,<Null>,1987,927,4319,4551,4518,4648,4653,,3ª CIPM - Colinas do Tocantins,3ª CIPM,Miracema do Tocantins,17003,4455,Colinas do Tocantins,42,Região Médio Araguaia,926.884,Sem Região,Área-Programa Noroeste,III,Bernardo Sayão,37847.776,41943.328,46468.59,50558.427,54142.108,64821.788,75544.863,8472.75,9427.59,10461.19,11119.07,11925.57,14303.13,16695
1703057,Bandeirantes do Tocantins,40-Bandeirantes do Tocantins,Bico,Menor impacto re,VI,,<Null>,1997,1672,0,2608,2711,2791,2807,,3ª CIPM - Colinas do Tocantins,3ª CIPM,Araguaína,17002,3118,Colinas do Tocantins,41,Região Médio Araguaia,1672.322,Sem Região,Área-Programa Noroeste,III,Bandeirantes do Tocantins,45296.328,70019.701,56894.425,83174.518,90900.907,86778.795,83262.169,14499.46,22144.12,17779.51,24932.41,26901.72,25373.92,24064.21
1702307,Arapoema,39-Arapoema,Bico,Menor impacto re,VI,,<Null>,1963,1552,8693,7025,6839,7034,7029,,3ª CIPM - Colinas do Tocantins,3ª CIPM,Araguaína,17002,6742,Colinas do Tocantins,40,Região Médio Araguaia,1552.207,Sem Região,Área-Programa Noroeste,III,Arapoema,54102.506,62900.893,72325.288,78411.912,86910.636,96250.685,106385.334,8024.7,9358.86,10794.82,11457.03,12741.63,14156.59,15698
1709005,Goiatins,53-Goiatins,Outros,Menor impacto re,VII,,Regiao Nordeste,1953,6409,14207,11036,11639,11982,12068,,2º BPM - Araguaína,2º BPM,Jalapão,17007,12042,Araguaína,57,Região Nordeste,6408.562,Sem Região,Área-Programa Nordeste,IV,Goiatins,77204.181,82116.864,107145.411,111081.422,130263.699,134106.879,146998.036,6399.55,6762.49,8768.04,8785.31,10232.81,10466.47,11400.5
1715705,Palmeirante,36-Palmeirante,Outros,Menor impacto re,V,,Regiao Nordeste,1993,2641,3769,3610,4689,4837,4959,,3ª CIPM - Colinas do Tocantins,3ª CIPM,Araguaína,17002,4952,Araguaína,38,Região Metropolitana de Araguaína,2640.738,Sem Região,Área-Programa Norte,II,Palmeirante,32943.809,44211.893,47090.751,60370.488,69503.744,74792.11,77746.892,6649.94,8740.98,9131.42,11113.86,12539.01,13235.2,13504.76
1714880,Nova Olinda,35-Nova Olinda,Outros,Menor impacto re,V,,<Null>,1980,1566,8724,9385,10518,10835,10974,,3ª CIPM - Colinas do Tocantins,3ª CIPM,Araguaína,17002,10683,Araguaína,36,Região Metropolitana de Araguaína,1566.237,Sem Região,Área-Programa Norte,II,Nova Olinda,146027.013,175355.562,195961.08,216544.454,219929.396,253616.93,259523.043,13665.26,16257.7,18006.16,19161.53,19278.52,22028.74,22341.86
1703073,Barra do Ouro,51-Barra do Ouro,Outros,Menor impacto re,VII,,Regiao Nordeste,1997,1106,0,3579,3581,3684,3691,,2º BPM - Araguaína,2º BPM,Jalapão,17007,4123,Araguaína,56,Região Nordeste,1106.339,Sem Região,Área-Programa Nordeste,IV,Barra do Ouro,25458.056,30162.87,38544.373,44372.768,50600.504,48748.421,55246.369,6174.64,7241.99,9164.14,10151.63,11458.45,10930.14,12268.79
1716307,Pau d'Arco,47-Pau D'Arco,Bico,Menor impacto re,VI,,<Null>,1993,1311,4875,4335,4767,4909,4964,,3ª CIPM - Colinas do Tocantins,3ª CIPM,Araguaína,17002,4588,Colinas do Tocantins,39,Região Médio Araguaia,1300.97,Vale dos Grandes Rios,Área-Programa Noroeste,III,Pau D'Arco,37199.377,37629.313,43026.567,48367.94,50440.695,55419.017,60716.922,8107.97,8166.08,9299.02,10135.78,10523.83,11512.05,12560.39
1707702,Filadélfia,33-Filadélfia,Outros,Menor impacto re,V,,Regiao Nordeste,1948,1998,7407,8218,7787,8007,7978,,2º BPM - Araguaína,2º BPM,Araguaína,17002,8498,Araguaína,37,Região Metropolitana de Araguaína,1988.068,Vale dos Grandes Rios,Área-Programa Norte,II,Filadélfia,59686.675,61690.813,69463.407,78516.006,85223.609,87910.185,97952.957,7020.31,7233.91,8125.33,8922.27,9658.16,9935.6,11041.93
1702109,Araguaína,30-Araguaína,Bico,Capital,V,,,1958,4000,105019,113143,115759,119128,119637,,2º BPM - Araguaína,2º BPM,Araguaína,17002,149313,Araguaína,33,Região Metropolitana de Araguaína,4000.395,Vale dos Grandes Rios,Área-Programa Norte,II,Araguaína,1980667.651,2139827.558,2434281.096,2887138.776,3038314.953,3442013.031,3799312.14,13158.83,13953.79,15592.07,17594.53,18174.35,20225.36,21947.13
1703883,Carmolândia,32-Carmolândia,Bico,Menor impacto re,V,,<Null>,1993,339,1610,2008,2313,2383,2420,,2º BPM - Araguaína,2º BPM,Araguaína,17002,2285,Araguaína,32,Região Metropolitana de Araguaína,339.401,Sem Região,Área-Programa Norte,II,Carmolândia,20877.884,22853.691,24399.507,30244.007,33225.213,32234.392,35398.338,9057.65,9766.53,10325.65,12309.32,13386.47,12857.76,13985.91
1703008,Babaçulândia,31-Babaçulândia,Outros,Menor impacto re,V,,Regiao Nordeste,1953,1788,8775,10329,10372,10672,10698,,2º BPM - Araguaína,2º BPM,Araguaína,17002,10267,Araguaína,35,Região Metropolitana de Araguaína,1788.442,Vale dos Grandes Rios,Área-Programa Norte,II,Babaçulândia,58612.28,61867.811,61026.007,84675.799,90440.361,91999.911,101667.488,5610.98,5930.58,5845.96,7898.86,8430.31,8569.29,9462.72
1718865,Santa Fé do Araguaia,37-Santa Fé do Araguaia,Bico,Menor impacto re,V,,<Null>,1993,1677,4336,5507,5610,5773,5795,CMVA-Consorcio Municípios Vale do Araguaia,2º BPM - Araguaína,2º BPM,Araguaína,17002,6599,Araguaína,31,Região Metropolitana de Araguaína,1676.945,Sem Região,Área-Programa Norte,II,Santa Fé do Araguaia,54763.608,59584.022,65355.291,77117.18,85251.626,91519.178,114982.585,8298.77,8915.76,9662.23,10932.4,11933.32,12654.75,15712.3
1713957,Muricilândia,34-Muricilândia,Bico,Menor impacto re,V,,<Null>,1993,1188,3039,2680,2850,2935,2958,,2º BPM - Araguaína,2º BPM,Araguaína,17002,3152,Araguaína,30,Região Metropolitana de Araguaína,1187.798,Sem Região,Área-Programa Norte,II,Muricilândia,24676.846,27275.46,28935.812,31596.081,35035.194,38245.081,41398.681,7828.95,8552.98,8975.13,9414.8,10319.64,11140.43,11930.46
1701309,Aragominas,29-Aragominas,Bico,Menor impacto re,V,,<Null>,1993,1173,3486,6180,5469,5618,5555,,2º BPM - Araguaína,2º BPM,Araguaína,17002,5882,Araguaína,29,Região Metropolitana de Araguaína,1173.026,Sem Região,Área-Programa Norte,II,Aragominas,34843.972,40140.656,42748.414,49740.636,53289.326,58663.472,63894.663,5923.83,6849.94,7322.44,8348.55,8981.85,9926.14,10853.52
1722081,Wanderlândia,38-Wanderlândia,Bico,Menor impacto re,V,,Regiao Nordeste,1980,1373,10274,10273,9317,9574,9493,,2º BPM - Araguaína,2º BPM,Araguaína,17002,10949,Araguaína,34,Região Metropolitana de Araguaína,1373.055,Vale dos Grandes Rios,Área-Programa Norte,II,Wanderlândia,80223.4,99374.432,99233.476,125772.205,134428.08,138572.52,154098.3,7307.65,9004.57,8949.63,10984.47,11680.26,11981.02,13259.19
1706506,Darcinópolis,16-Darcinópolis,Bico,Menor impacto re,III,Bico do Papagaio,Regiao Bico,1993,1549,3905,4273,5130,5288,5388,AMBIP-Assc. Municipios do Bico do Papagaio,2º BPM - Araguaína,2º BPM,Bico do Papagaio,17001,5273,Araguatins,25,Região do Extremo Norte ou Bico do Papagaio,1548.89,Vale dos Grandes Rios,Área-Programa Extremo Norte(Bico do Papagaio),I,Darcinópolis,39958.767,45195.8,54385.563,66301.762,70302.273,73666.031,122321.427,7577.99,8447.81,10024.99,11693.43,12220.11,12629.18,20690.36
1702158,Araguanã,25-Araguanã,Bico,Menor impacto re,IV,,<Null>,1993,834,3069,4193,5000,5154,5248,,2º BPM - Araguaína,2º BPM,Araguaína,17002,5023,Araguaína,27,Região Metropolitana de Araguaína,834.701,Vale dos Grandes Rios,Área-Programa Norte,II,Araguanã,37212.33,41164.292,44861.018,50347.29,52971.155,58971.572,66875.031,7398.08,8079.35,8699.05,9359.97,9723.05,10692.94,11982.63
1713809,Palmeiras do Tocantins,21-Palmeiras do Tocantins,Bico,Menor impacto re,III,Bico do Papagaio,Regiao Bico,1993,748,3533,4622,4542,4672,4673,AMBIP-Assc. Municipios do Bico do Papagaio,5ª CIPM - Tocantinópolis,5ª CIPM,Bico do Papagaio,17001,5695,Araguatins,24,Região do Extremo Norte ou Bico do Papagaio,747.895,Sem Região,Área-Programa Extremo Norte(Bico do Papagaio),I,Palmeiras do Tocantins,44503.636,64961.081,43085.431,56546.192,53348.303,58072.777,66647.046,7745.15,11150.2,7291.49,9149.87,8505.79,9128.07,10332.88
1717206,Piraquê,26-Piraquê,Bico,Menor impacto re,IV,,<Null>,1993,922,1785,2360,3014,3103,3127,,2º BPM - Araguaína,2º BPM,Araguaína,17002,2877,Araguaína,28,Região Metropolitana de Araguaína,921.585,Sem Região,Área-Programa Norte,II,Piraquê,22919.794,27347.277,28909.66,34204.525,39984.922,46091.617,49328.91,7849.24,9343.11,9856.69,11337.26,13222.53,15206.74,16237.3
1700301,Aguiarnópolis,14-Aguiarnópolis,Bico,Menor impacto re,III,Bico do Papagaio,Regiao Bico,1997,235,0,3145,3995,4120,4216,AMBIP-Assc. Municipios do Bico do Papagaio,5ª CIPM - Tocantinópolis,5ª CIPM,Bico do Papagaio,17001,5140,Araguatins,23,Região do Extremo Norte ou Bico do Papagaio,235.391,Bico do Papagaio,Área-Programa Extremo Norte(Bico do Papagaio),I,Aguiarnópolis,65256.457,65391.364,80978.255,107770.919,87867.944,109236.191,134498.933,12651.5,12298.55,14812.19,18517.34,14676.46,17764.87,21325.34
1720002,Santa Terezinha do Tocantins,22-Santa Terezinha do Tocantins,Bico,Menor impacto re,III,Bico do Papagaio,Regiao Bico,1997,270,0,2455,2291,2356,2343,AMBIP-Assc. Municipios do Bico do Papagaio,5ª CIPM - Tocantinópolis,5ª CIPM,Bico do Papagaio,17001,2468,Araguatins,22,Região do Extremo Norte ou Bico do Papagaio,269.676,Sem Região,Área-Programa Extremo Norte(Bico do Papagaio),I,Santa Terezinha do Tocantins,14702.785,15325.941,16197.258,22676.101,25455.043,26832.764,31570.634,5950.14,6189.8,6539.06,8917.07,10001.98,10535.05,12390.36
1718550,Riachinho,27-Riachinho,Bico,Menor impacto re,IV,Bico do Papagaio,Regiao Bico,1993,611,3502,3670,3691,3798,3808,AMBIP-Assc. Municipios do Bico do Papagaio,5ª CIPM - Tocantinópolis,5ª CIPM,Bico do Papagaio,17001,4170,Araguaína,17,Região do Extremo Norte ou Bico do Papagaio,610.726,Sem Região,Área-Programa Extremo Norte(Bico do Papagaio),I,Riachinho,24034.815,28410.501,30563.033,36388.457,37748.361,40528.004,44172.933,5745.83,6714.84,7157.62,8204.84,8429.74,8966.37,9684.92
1722107,Xambioá,28-Xambioá,Bico,Menor impacto re,IV,,<Null>,1958,1634,11183,12137,10856,11160,11099,,2º BPM - Araguaína,2º BPM,Araguaína,17002,11484,Araguaína,26,Região Metropolitana de Araguaína,1633.769,Vale dos Grandes Rios,Área-Programa Norte,II,Xambioá,230191.881,274785.169,245286.926,286393.375,318805.246,313481.339,296637.777,20044.57,23954.77,21407.48,24402.98,27197.17,26772.68,25364.5
1701051,Angico,15-Angico,Bico,Menor impacto re,III,Bico do Papagaio,Regiao Bico,1993,439,2755,2889,3169,3264,3300,AMBIP-Assc. Municipios do Bico do Papagaio,5ª CIPM - Tocantinópolis,5ª CIPM,Bico do Papagaio,17001,3152,Araguatins,18,Região do Extremo Norte ou Bico do Papagaio,438.703,Bico do Papagaio,Área-Programa Extremo Norte(Bico do Papagaio),I,Angico,25223.302,20736.767,22557.475,28696.763,30645.873,40468.229,44036.088,7959.39,6486.32,7007.6,8612.47,9134.39,11976.39,12947.98
1714302,Nazaré,20-Nazaré,Bico,Menor impacto re,III,Bico do Papagaio,Regiao Bico,1958,396,7156,5150,4528,4652,4596,AMBIP-Assc. Municipios do Bico do Papagaio,5ª CIPM - Tocantinópolis,5ª CIPM,Bico do Papagaio,17001,4386,Araguatins,20,Região do Extremo Norte ou Bico do Papagaio,395.903,Sem Região,Área-Programa Extremo Norte(Bico do Papagaio),I,Nazaré,23850.485,26189.703,30430.979,36246.056,39152.284,43100.061,45338.454,5437.87,6051.23,7125.02,8427.36,9236.21,10318.42,11009.82
1712454,Luzinópolis,18-Luzinópolis,Bico,Menor impacto re,III,Bico do Papagaio,Regiao Bico,1997,280,0,2021,2784,2874,2959,AMBIP-Assc. Municipios do Bico do Papagaio,5ª CIPM - Tocantinópolis,5ª CIPM,Bico do Papagaio,17001,2622,Araguatins,19,Região do Extremo Norte ou Bico do Papagaio,279.562,Sem Região,Área-Programa Extremo Norte(Bico do Papagaio),I,Luzinópolis,20333.966,22805.482,24009.296,36435.974,29494.726,32511.487,35274.435,7755.14,8544.58,8849.72,12798.02,10184.64,11039.55,11789.58
1721208,Tocantinópolis,23-Tocantinópolis,Bico,Capital,III,Bico do Papagaio,Regiao Bico,1858,1077,22810,22777,21334,21932,21826,AMBIP-Assc. Municipios do Bico do Papagaio,5ª CIPM - Tocantinópolis,5ª CIPM,Bico do Papagaio,17001,22590,Araguatins,21,Região do Extremo Norte ou Bico do Papagaio,1077.066,Bico do Papagaio,Área-Programa Extremo Norte(Bico do Papagaio),I,Tocantinópolis,140542.14,163002.451,180524.395,210669.694,225045.811,242601.719,270686.431,6216.48,7210.26,7989.22,9094.31,9719.94,10483.63,11702.83
1703826,Cachoeirinha,2-Cachoeirinha,Bico,Menor impacto re,I,Bico do Papagaio,Regiao Bico,1993,352,2039,2023,2171,2235,2255,AMBIP-Assc. Municipios do Bico do Papagaio,5ª CIPM - Tocantinópolis,5ª CIPM,Bico do Papagaio,17001,2148,Araguatins,15,Região do Extremo Norte ou Bico do Papagaio,352.343,Sem Região,Área-Programa Extremo Norte(Bico do Papagaio),I,Cachoeirinha,13096.94,13908.327,15111.525,17929.333,21663.872,22182.317,26403.144,6097.27,6445.01,6973.48,8018.49,9645.54,9832.59,11651.87
1701002,Ananás,24-Ananás,Bico,Menor impacto re,IV,Bico do Papagaio,Regiao Bico,1963,1587,9694,10512,9358,9615,9514,AMBIP-Assc. Municipios do Bico do Papagaio,5ª CIPM - Tocantinópolis,5ª CIPM,Bico do Papagaio,17001,9846,Araguaína,14,Região do Extremo Norte ou Bico do Papagaio,1587,Bico do Papagaio,Área-Programa Extremo Norte(Bico do Papagaio),I,Ananás,61771.04,69440.762,76290.122,85113.116,86109.439,89899.976,108842.057,6256.56,7074.24,7810.21,8552.36,8697.92,9128.75,11108.6
1712801,Maurilândia do Tocantins,19-Maurilândia do Tocantins,Bico,Menor impacto re,III,Bico do Papagaio,Regiao Bico,1993,738,2721,2854,3185,3281,3322,AMBIP-Assc. Municipios do Bico do Papagaio,5ª CIPM - Tocantinópolis,5ª CIPM,Bico do Papagaio,17001,3112,Araguatins,16,Região do Extremo Norte ou Bico do Papagaio,738.101,Sem Região,Área-Programa Extremo Norte(Bico do Papagaio),I,Maurilândia do Tocantins,16973.643,18698.491,20785.879,24741.557,26310.624,28406.949,31624.967,5374.81,5883.73,6495.59,7468.02,7882.15,8449.42,9339.92
1720101,São Bento do Tocantins,4-São Bento do Tocantins,Bico,Menor impacto re,I,Bico do Papagaio,Regiao Bico,1993,1105,2834,3738,4447,4583,4666,AMBIP-Assc. Municipios do Bico do Papagaio,4ª CIPM - Araguatins,4ª CIPM,Bico do Papagaio,17001,4615,Araguatins,12,Região do Extremo Norte ou Bico do Papagaio,1105.893,Bico do Papagaio,Área-Programa Extremo Norte(Bico do Papagaio),I,São Bento do Tocantins,22707.855,25059.534,31224.382,34668.789,38508.307,43047.055,48259.075,4920.45,5360.33,6587.42,6998.14,7661.82,8447.22,9345.29
1710706,Itaguatins,17-Itaguatins,Bico,Menor impacto re,III,Bico do Papagaio,Regiao Bico,1945,740,6492,6386,6074,6246,6226,AMBIP-Assc. Municipios do Bico do Papagaio,5ª CIPM - Tocantinópolis,5ª CIPM,Bico do Papagaio,17001,5628,Araguatins,13,Região do Extremo Norte ou Bico do Papagaio,739.846,Bico do Papagaio,Área-Programa Extremo Norte(Bico do Papagaio),I,Itaguatins,33168.529,41320.469,40445.119,42852.966,46277.831,50622.459,56435.295,5501.5,6884.45,6767.92,7034.3,7632.83,8388.15,9394.92
1702901,Axixá do Tocantins,7-Axixá do Tocantins,Bico,Menor impacto re,II,Bico do Papagaio,Regiao Bico,1963,150,9698,8827,8917,9175,9203,AMBIP-Assc. Municipios do Bico do Papagaio,4ª CIPM - Araguatins,4ª CIPM,Bico do Papagaio,17001,9275,Araguatins,9,Região do Extremo Norte ou Bico do Papagaio,150.214,Sem Região,Área-Programa Extremo Norte(Bico do Papagaio),I,Axixá do Tocantins,52291.237,58116.603,64912.992,79717.642,83504.86,92032.185,104586.294,5637.87,6242.38,6947.77,8276.33,8636.35,9481.99,10736.71
1720804,Sítio Novo do Tocantins,13-Sítio Novo do Tocantins,Bico,Menor impacto re,II,Bico do Papagaio,Regiao Bico,1963,324,10114,9488,9302,9568,9568,AMBIP-Assc. Municipios do Bico do Papagaio,4ª CIPM - Araguatins,4ª CIPM,Bico do Papagaio,17001,9148,Araguatins,10,Região do Extremo Norte ou Bico do Papagaio,324.102,Sem Região,Área-Programa Extremo Norte(Bico do Papagaio),I,Sítio Novo do Tocantins,43776.217,51216.028,56059.969,65038.016,67937.04,74660.795,87251.698,4785.33,5614.56,6162.47,6995.59,7328.7,8077.55,9466.39
1720200,São Miguel do Tocantins,12-São Miguel do Tocantins,Bico,Menor impacto re,II,Bico do Papagaio,Regiao Bico,1993,399,8304,8486,10221,10536,10737,AMBIP-Assc. Municipios do Bico do Papagaio,4ª CIPM - Araguatins,4ª CIPM,Bico do Papagaio,17001,10490,Araguatins,11,Região do Extremo Norte ou Bico do Papagaio,398.817,Sem Região,Área-Programa Extremo Norte(Bico do Papagaio),I,São Miguel do Tocantins,45731.461,51247.136,56485.617,69378.24,74568.73,81610.467,97205.745,4359.53,4818.72,5238.4,6155.46,6520.53,7037.21,8270.01
1702554,Augustinópolis,6-Augustinópolis,Bico,Menor impacto re,II,Bico do Papagaio,Regiao Bico,1982,414,13924,12964,14800,15248,15469,AMBIP-Assc. Municipios do Bico do Papagaio,4ª CIPM - Araguatins,4ª CIPM,Bico do Papagaio,17001,15883,Araguatins,7,Região do Extremo Norte ou Bico do Papagaio,414.37,Bico do Papagaio,Área-Programa Extremo Norte(Bico do Papagaio),I,Augustinópolis,101685.628,118462.195,137688.251,165828.556,171728.545,190942.613,222276.941,6369.28,7321.52,8395.11,9674.94,9877.4,10832.39,12444.82
1718303,Praia Norte,10-Praia  Norte,Bico,Menor impacto re,II,Bico do Papagaio,Regiao Bico,1988,289,5149,6781,7060,7267,7310,AMBIP-Assc. Municipios do Bico do Papagaio,4ª CIPM - Araguatins,4ª CIPM,Bico do Papagaio,17001,7661,Araguatins,8,Região do Extremo Norte ou Bico do Papagaio,289.052,Bico do Papagaio,Área-Programa Extremo Norte(Bico do Papagaio),I,Praia Norte,35356.412,41503.397,47478.744,52994.981,55102.725,59264.057,63805.933,4615.12,5371.22,6093.27,6554.73,6754.44,7201.85,7689.31
1702208,Araguatins,1-Araguatins,Bico,Capital,I,Bico do Papagaio,Regiao Bico_Sede,1948,2627,22558,26010,25973,26722,26771,AMBIP-Assc. Municipios do Bico do Papagaio,4ª CIPM - Araguatins,4ª CIPM,Bico do Papagaio,17001,31232,Araguatins,3,Região do Extremo Norte ou Bico do Papagaio,2627.28,Bico do Papagaio,Área-Programa Extremo Norte(Bico do Papagaio),I,Araguatins,193361.08,202268.327,230763.985,286237.578,304914.122,329819.703,376396.606,6172.94,6373.06,7181.53,8538.29,8977.83,9590.01,10812.89
1703800,Buriti do Tocantins,8-Buriti do Tocantins,Bico,Menor impacto re,II,Bico do Papagaio,Regiao Bico,1988,250,7599,7842,8164,8404,8454,AMBIP-Assc. Municipios do Bico do Papagaio,4ª CIPM - Araguatins,4ª CIPM,Bico do Papagaio,17001,9767,Araguatins,4,Região do Extremo Norte ou Bico do Papagaio,249.906,Sem Região,Área-Programa Extremo Norte(Bico do Papagaio),I,Buriti do Tocantins,49310.066,53910.448,57976.76,66687.81,68182.44,76159.172,87767.749,5047.09,5436.71,5763.67,6337.94,6383.53,7027.7,7987.6
1703891,Carrasco Bonito,9-Carrasco Bonito,Bico,Menor impacto re,II,Bico do Papagaio,Regiao Bico,1993,195,2727,3218,3314,3411,3428,AMBIP-Assc. Municipios do Bico do Papagaio,4ª CIPM - Araguatins,4ª CIPM,Bico do Papagaio,17001,3687,Araguatins,5,Região do Extremo Norte ou Bico do Papagaio,195.017,Sem Região,Área-Programa Extremo Norte(Bico do Papagaio),I,Carrasco Bonito,19058.06,21245.915,23419.624,27368.11,29129.213,30619.899,34605.846,5164.79,5703.6,6230.28,7006.68,7383.83,7687.65,8610.56
1718808,Sampaio,11-Sampaio,Bico,Menor impacto re,II,Bico do Papagaio,Regiao Bico,1988,201,2829,2801,3672,3788,3886,AMBIP-Assc. Municipios do Bico do Papagaio,4ª CIPM - Araguatins,4ª CIPM,Bico do Papagaio,17001,3863,Araguatins,6,Região do Extremo Norte ou Bico do Papagaio,200.813,Bico do Papagaio,Área-Programa Extremo Norte(Bico do Papagaio),I,Sampaio,19060.577,21394.903,23909.667,27399.421,28598.764,31457.28,35342.476,4927.76,5421.92,5940.29,6460.6,6606.32,7125.09,7857.38
1707405,Esperantina,3-Esperantina,Bico,Menor impacto re,I,Bico do Papagaio,Regiao Bico,1993,504,5963,7623,8134,8375,8445,AMBIP-Assc. Municipios do Bico do Papagaio,4ª CIPM - Araguatins,4ª CIPM,Bico do Papagaio,17001,9476,Araguatins,1,Região do Extremo Norte ou Bico do Papagaio,504.019,Bico do Papagaio,Área-Programa Extremo Norte(Bico do Papagaio),I,Esperantina,44965.577,52420.888,59145.074,68008.356,69604.434,74413.78,81060.115,4745.21,5449.72,6062.43,6665.53,6721.17,7082.98,7610.56
1720309,São Sebastião do Tocantins,5-São Sebastião do Tocantins,Bico,Menor impacto re,I,Bico do Papagaio,Regiao Bico,1963,287,3516,3669,4244,4373,4441,AMBIP-Assc. Municipios do Bico do Papagaio,4ª CIPM - Araguatins,4ª CIPM,Bico do Papagaio,17001,4283,Araguatins,2,Região do Extremo Norte ou Bico do Papagaio,287.271,Bico do Papagaio,Área-Programa Extremo Norte(Bico do Papagaio),I,São Sebastião do Tocantins,21421.672,25112.722,28431.718,33802.065,36404.132,37170.454,41212.685,5001.56,5798.37,6497.19,7424.13,7907.07,7986.78,8764.93
1712157,Lavandeira,137-Lavandeira,Outros,Menor impacto re,XVIII,Sudeste,Regiao Sudeste,1997,520,0,1209,1590,1640,1683,Portal do Sudeste-Assoc. Municipios do Sudeste,1ª CIPM - Arraias,1ª CIPM,Dianópolis,17008,1605,Dianópolis,137,Região Sudeste,519.569,Sem Região,Área-Programa Sudeste,X,Lavandeira,29817.434,55196.932,52726.784,76562.234,15796.894,19120.953,22113.757,18577.84,33738.96,31667.74,43774.86,8864.7,10540.77,11985.78
1702703,Aurora do Tocantins,136-Aurora do Tocantins,Outros,Menor impacto re,XVIII,Sudeste,Regiao Sudeste,1963,753,4382,3101,3385,3486,3523,Portal do Sudeste-Assoc. Municipios do Sudeste,1ª CIPM - Arraias,1ª CIPM,Dianópolis,17008,3446,Dianópolis,136,Região Sudeste,752.826,Serras Gerais,Área-Programa Sudeste,X,Aurora do Tocantins,21788.636,24914.888,27212.406,31699.375,33874.764,37444.857,41486.748,6322.88,7173.88,7777.2,8744.66,9270.6,10169.71,11185.43
1717800,Ponte Alta do Bom Jesus,138-Ponte Alta do Bom Jesus,Outros,Menor impacto re,XVIII,Sudeste,Regiao Sudeste,1958,1806,4715,4574,4529,4660,4664,Portal do Sudeste-Assoc. Municipios do Sudeste,2ª CIPM - Dianópolis,2ª CIPM,Dianópolis,17008,4548,Dianópolis,133,Região Sudeste,1806.132,Sem Região,Área-Programa Sudeste,X,Ponte Alta do Bom Jesus,22415.613,24841.775,29494.566,34671.529,35812.062,40987.055,45973.206,4928.67,5469.35,6496.6,7449.83,7698.21,8816.32,9893.09
1715259,Novo Jardim,125-Novo Jardim,Outros,Menor impacto re,XV,Sudeste,Regiao Sudeste,1993,1310,2010,2151,2419,2492,2525,Portal do Sudeste-Assoc. Municipios do Sudeste,2ª CIPM - Dianópolis,2ª CIPM,Dianópolis,17008,2457,Dianópolis,132,Região Sudeste,1309.658,Sem Região,Área-Programa Sudeste,X,Novo Jardim,53714.486,50037.172,51583.53,26038.096,26960.402,26534.231,29159.377,21861.82,20168.15,20600.45,10014.65,10270.63,10012.92,10904.78
1707009,Dianópolis,124-Dianópolis,Outros,Capital,XV,Sudeste,Regiao Sudeste_Sede,1884,3217,14882,15428,18584,19158,19524,Portal do Sudeste-Assoc. Municipios do Sudeste,2ª CIPM - Dianópolis,2ª CIPM,Dianópolis,17008,18747,Dianópolis,130,Região Sudeste,3217.179,Serras Gerais,Área-Programa Sudeste,X,Dianópolis,264357.21,280644.49,306191.677,312850.83,367368.867,249360.298,282630.513,13833.45,14469.94,15567.22,15212.04,17602.72,11780.62,13171.95
1718659,Rio da Conceição,127-Rio da Conceição,Outros,Menor impacto re,XV,Sudeste,Regiao Sudeste,1993,771,1035,1189,1454,1499,1530,,2ª CIPM - Dianópolis,2ª CIPM,Dianópolis,17008,1707,Dianópolis,127,Região Sudeste,771.112,Serras Gerais,Área-Programa Sudeste,X,Rio da Conceição,11847.681,11549.31,12815.792,15266.769,16900.758,16806.918,18054.654,6912.3,6580.8,7143.7,8056.34,8720.72,8488.34,8933.53
1712702,Mateiros,97-Mateiros,Outros,Menor impacto re,XII,Jalapão,Regiao Jalapao,1993,9592,1490,1646,1737,1788,1802,Portal do Sudeste-Assoc. Municipios do Sudeste,5º BPM - Porto Nacional,5º BPM,Jalapão,17007,2169,Ponte Alta do Tocantins,101,Região do Jalapão,9591.543,Encantos do Jalapão,Área-Programa leste( Jalapão),VII,Mateiros,49393.923,79635.762,79680.704,125519.872,168319.141,103507.211,56428.405,22259.54,35112.77,34478.89,51654.27,67925.4,41009.2,21956.58
1709302,Guaraí,59-Guaraí,Outros,Capital,VIII,,<Null>,1968,2268,20404,20018,21669,22314,22530,,7º BPM - Guaraí,7º BPM,Miracema do Tocantins,17003,23163,Guaraí,53,Região Metropolitana de Araguaína,2268.147,Sem Região,Área-Programa Noroeste,III,Guaraí,277727.418,322617.528,349654.809,414598.495,462138.947,574531.38,563298.019,11964.82,13760.61,14765.2,16833.75,18565.76,22845.1,22177.96
